date,aedes_aegypti_count,aedes_albopictus_count,total_containers_checked,positive_containers,house_index,container_index,breteau_index,pupal_index,ovitrap_index,adult_density_index
2009-01-04,13,6,380,98,18.998852878300244,4.016808659283969,24.61004588451719,1.5993167589693686,6.301585677923673,4.1702379644221885
2009-01-11,20,14,710,35,22.816387950817017,15.069492441834855,48.44843510809135,8.160231638672206,9.823196535579893,1.3249872390182593
2009-01-18,15,10,553,88,16.89615936244603,18.03379920288939,13.075669273591405,4.099424151608069,26.7292237567434,2.40697649663261
2009-01-25,16,9,366,38,13.4596123947474,11.571047767021293,36.99859690164143,2.4681346825563213,11.121108685426607,1.3023149331491228
2009-02-01,24,15,692,48,7.989156165618454,16.757091965747662,47.033902473094756,1.1350366154768656,30.231970636707217,2.8594805749965126
2009-02-08,24,11,488,13,16.41632128040763,1.2996471999770671,49.00813128641556,9.884500298368573,7.524472588089005,3.467881392281506
2009-02-15,16,10,263,25,17.130320985187673,17.43589497672699,14.48309966510917,8.27878753520578,31.187865714577345,1.3627789218594655
2009-02-22,31,16,867,54,13.220747422994586,14.735236134434,7.053095558949499,4.59004162173607,20.110671275945855,1.8942530601590464
2009-03-01,18,9,604,82,6.500501317829184,6.646090422479395,26.816716203537926,8.452028589791736,33.92013790993657,4.931691029692088
2009-03-08,25,13,859,94,22.18551839532749,14.661169057679896,8.521956607064547,6.533508783730172,37.16724976381953,2.9829537776216513
2009-03-15,27,13,935,72,17.358817775904193,3.519224537099946,30.27991185600904,5.83265164278801,29.44163214963774,3.9657488091521986
2009-03-22,32,23,250,52,3.000740893488886,5.379125105787215,30.615204589806464,6.210221597546975,19.182180435207698,2.815534778750942
2009-03-29,19,12,605,87,21.954754219389923,18.099691826557454,22.820314281980966,1.2103040757746815,12.784970136444324,0.28389148513558343
2009-04-05,37,17,551,24,9.512834816779616,13.00962501412129,25.04914440340069,6.807098274665308,13.682645314711552,3.1009564460621144
2009-04-12,33,24,241,76,4.896538432317851,2.9581573968494017,6.343487866046987,8.59476884115488,39.04324260141002,3.955971584518932
2009-04-19,25,19,908,51,18.720599014567306,8.680622037533617,15.413161866095693,1.573755283422841,30.61669148063515,0.4365802699887291
2009-04-26,35,18,376,40,24.671876224106075,6.951665403417717,15.31261594107431,1.8637686893813767,16.291516105997303,3.0914859314640744
2009-05-03,19,14,909,46,16.869589720826482,16.577780224036637,28.72110754147093,1.8672000685699794,9.90586384127801,0.16035713040104696
2009-05-10,14,9,417,56,15.702732928522565,13.349388669338005,15.96052243597374,8.714973180103533,14.079959398549802,0.44607357719474394
2009-05-17,18,11,446,12,22.89737356513469,6.208328991504689,39.936826146818554,3.6281900128720412,23.41999414298723,4.849462240811932
2009-05-24,38,16,293,59,22.5457175097673,4.032944717438996,23.23513957269454,8.312590213977817,21.901394799824065,4.475850936082656
2009-05-31,35,23,240,6,15.725374268113708,10.422436971579334,44.36228715730395,4.930405779649695,23.603037792481512,2.1524602353340008
2009-06-07,100,50,363,83,8.678720874685105,17.748156394040812,6.3074727846830125,3.6149763113439883,28.735883675648342,4.0877434433764455
2009-06-14,104,46,802,83,11.75600318392394,7.257189071896695,21.85975211925198,2.084509116130051,19.079352092960967,3.98946455011584
2009-06-21,45,27,897,8,9.025014599785276,7.019098274338568,41.31014902599406,1.8249142957145845,19.663342281155288,0.39956189360797123
2009-06-28,67,44,210,21,22.172741516805125,4.703430068010145,43.40236856227498,2.76273248481386,21.73531771348908,1.4182009807197289
2009-07-05,57,28,618,19,2.3539575193584064,11.289820693061923,49.12908651436721,6.479310456679673,36.64101124581832,4.095976861414084
2009-07-12,65,40,180,80,18.74606274826116,10.484161617755507,34.403816434517296,9.369188184163857,5.272225481013358,0.376475712532218
2009-07-19,53,27,375,18,12.850308785603453,18.117237294318663,40.41418002414026,2.633891882155779,9.145327740071988,2.3088745467240734
2009-07-26,60,30,880,74,20.23067531981149,8.089161734224444,19.627659461587143,9.937824184737224,7.934635383722664,2.4657049062789973
2009-08-02,79,52,852,89,17.7757113487165,8.886526751739407,40.749739092374526,9.74453539777916,39.863886738529,2.4199910587519184
2009-08-09,74,53,271,95,3.468802002224482,10.607556311498794,14.55085479291023,7.814948916006729,15.690969869078621,4.969749946269827
2009-08-16,77,54,661,17,17.83162934715021,7.884382812536262,48.66021185831836,9.353316671805084,8.82114421451637,0.23881748426711444
2009-08-23,48,29,754,87,13.766713243883597,4.6400916793147,20.153577147884555,9.683875258554751,14.768910035312368,0.8608290393704936
2009-08-30,77,48,679,68,10.692220185426741,16.11452210103414,22.03694855205855,3.2909621243047784,22.278687836117825,0.7145209150063615
2009-09-06,75,43,338,5,20.66034790553755,13.136623491571363,20.78068945542023,8.567070722095707,10.261431522660091,3.0405348454164907
2009-09-13,66,32,759,17,2.0599822749883607,15.60918332845485,25.389746154286687,1.077424724372178,31.95942506617614,1.1713713338962473
2009-09-20,59,32,873,27,17.55850995086255,2.92739626480066,44.720832659373485,7.417750263367844,32.750317872209564,4.343037145594267
2009-09-27,91,46,853,51,12.297899563247483,7.5195417664248545,42.38287745542627,3.9978927912374176,35.0715009073578,0.6895812683632675
2009-10-04,85,44,126,17,10.778268828147972,1.5816451420006064,20.040313813794135,4.171891972882561,23.53036720069365,0.3791910521723214
2009-10-11,80,41,536,23,8.357066956973679,17.614497439041124,47.337513216620735,2.772704057663057,12.809106711428973,2.0328590174318673
2009-10-18,47,38,870,60,3.266469008669481,16.00292540459123,31.025189936883372,1.0780312826404925,23.356313100140053,4.023114694590037
2009-10-25,73,49,113,81,21.70363587923211,11.109553227896688,14.52777004699788,2.988373789044245,22.531893229308313,3.050580912375654
2009-11-01,26,18,106,58,15.172024833041709,6.014728629219974,47.17092834673147,1.4133067969465853,26.626573107169182,1.3466910461209172
2009-11-08,18,12,408,68,14.804705453604825,15.891817250993038,20.732773241282704,8.849819916401733,6.8972372347943605,1.6978426393439607
2009-11-15,12,6,845,30,18.8894604477048,19.517734880768263,20.39434144113659,8.37784180407683,21.256608512736253,2.562148503457944
2009-11-22,19,8,858,7,24.370819496062527,3.809867102047832,38.87045848480551,4.465364748239467,30.67368622587491,0.10248058163570492
2009-11-29,25,15,492,35,12.317891437762082,17.126424453862892,33.091666902149115,3.824269494471614,19.83310243624254,0.9014490443139765
2009-12-06,29,14,941,22,4.172235316427269,2.4383269265514533,27.799156831528563,8.753224192466178,29.553006040707054,1.3746812992686337
2009-12-13,11,7,942,99,18.603385516873182,3.0809981789857703,49.97745338661435,2.48836527607571,26.47933340001635,4.259832358618682
2009-12-20,8,6,553,57,24.03585868704861,18.820815333890394,12.50070228434764,8.197593608106613,38.71190731118522,3.7186200723093874
2009-12-27,12,9,128,57,4.108971221939908,11.444213988745146,25.507866091591172,1.4460306234917697,15.333523857117802,4.683465341960081
2010-01-03,10,7,336,9,7.2457629406891195,8.710914398003686,23.18551234365664,8.824548377753295,25.485956339928705,3.6988125773333125
2010-01-10,31,13,922,71,3.234021305574216,19.240339814790115,49.17489823644489,2.2397253283060405,16.68194320427148,0.774365032235177
2010-01-17,14,9,160,54,2.599465642740543,9.395161125391251,17.88013425284401,3.501453791891937,21.281766108567833,3.0489991332714563
2010-01-24,26,14,599,84,22.322003794323894,10.904651643871473,8.0181588924307,2.868820234265292,18.831246630113355,4.020338691632807
2010-01-31,18,11,773,86,9.667096529417922,19.792777316816935,12.642354095427583,3.7326346707456786,37.23990516315218,1.8922304047654277
2010-02-07,28,17,487,84,4.48007565924358,10.181997674763798,47.0288374191621,8.475173857718945,7.681928126319112,3.7449604939264445
2010-02-14,28,16,788,58,17.822810863823747,11.592847379758606,20.77858253887002,6.479056259770299,34.53511349029603,4.513514027907153
2010-02-21,38,24,549,49,9.688596574760734,15.487984730562484,18.997502699633326,4.4181354705171625,34.089231203591666,4.740088326560871
2010-02-28,36,16,401,31,7.920764990893621,14.209224509434469,7.991793335278636,8.808805817793754,7.931118083869693,3.7150463400789824
2010-03-07,20,14,560,71,11.110343268847622,19.80704755930393,31.07191415077953,2.006725838038681,12.028633527462688,0.30712162754940725
2010-03-14,25,20,376,81,21.70986050781427,10.712383835602155,46.11451988109415,6.640304059797405,29.07552831311745,1.994454100869313
2010-03-21,44,23,859,89,16.621568554885,14.36725230513299,36.70471525795563,9.882468328779861,39.08178928728682,3.9839522468629074
2010-03-28,26,19,987,12,4.4332433430405676,3.9312135265887194,48.72946560875458,1.1129562863616909,24.95099293781692,0.5250341482663635
2010-04-04,36,24,169,66,24.68996474718356,19.20820258764073,13.624173415836603,4.199170384752234,27.64846493430973,4.393506156089532
2010-04-11,21,11,797,18,18.598883998286674,5.219569929905783,32.551566094630246,2.9282497550718807,16.53498626980463,2.3807851263615865
2010-04-18,31,22,218,94,21.81926078924792,16.973735582075122,17.924723281030893,8.60451091953751,16.535368609941905,3.8211236898869307
2010-04-25,37,27,801,92,8.620648889653884,7.833900566518482,6.111543089415948,3.6950342564297216,13.73217361259501,3.496632784332684
2010-05-02,28,18,858,30,20.829520873345913,15.205447058833524,31.89400131399017,7.306434367073843,14.761602873366998,0.12002089181176273
2010-05-09,16,10,255,44,13.476137456971529,18.84331972214584,21.13709150967932,1.8471499737821744,16.04202170746722,3.905140052362411
2010-05-16,34,20,117,70,4.564065725472618,8.814385624212868,23.41540229646333,7.98771844211191,27.618607831448664,1.9360972915214612
2010-05-23,35,18,490,39,2.4266268877446215,3.564944109168574,14.145792141453764,3.5252758344890225,21.65933317563349,1.0511132519813007
2010-05-30,25,15,644,68,4.03339444946576,6.061304681893612,17.19326814942071,3.4279261392915448,35.80660687551061,2.5795354325287696
2010-06-06,90,47,980,16,13.494197062878849,6.837543686467648,49.381719189296646,5.0550909296746065,16.87928049464808,2.5453939549698035
2010-06-13,76,38,692,28,4.581350756080499,12.07116675907463,32.315359305827016,2.7571503108646347,10.946932157455905,1.487020648132588
2010-06-20,94,66,874,31,10.794389507758373,13.083810403626524,23.95227774944005,8.634799445080457,20.644662708699904,0.47803431722531475
2010-06-27,63,52,946,38,3.9376032909209426,15.762652392001316,44.49215736133342,8.595319686002124,32.5135911666276,2.903107723406616
2010-07-04,76,40,423,75,12.358394570316868,1.392622979873143,8.157379607010569,1.8477964165543943,27.152072118390947,3.168922416976316
2010-07-11,86,61,338,45,2.307912277139435,12.16789189462207,38.32444678867903,4.766786598586178,25.71086065338565,2.1718771214324644
2010-07-18,77,54,532,98,4.840460687455126,7.323924948525057,31.127293124987897,5.323259582787631,28.79367327253842,3.6284596867353263
2010-07-25,56,35,687,32,4.564976457128868,12.857759688022455,16.640746636234436,6.695098919082968,30.158804194349724,0.3867969845003333
2010-08-01,85,48,632,83,12.241215939599979,15.88792829017018,46.29695640626178,8.365018438967446,26.907696923153523,0.7980611808106844
2010-08-08,39,30,798,73,6.050928303633356,4.403232351925071,49.53276604242251,2.6538531372064478,27.116877168948275,4.852653613001461
2010-08-15,87,60,218,74,7.2692320492696485,18.07099631849823,10.0548977431942,6.746075194511728,12.701462113433227,1.4903079789474567
2010-08-22,60,40,286,66,21.26282702150698,8.21661531069856,26.597141819599674,5.3135669456846,21.84364465682013,3.509782736047979
2010-08-29,87,61,960,9,18.774130431683258,1.493653997606701,6.941430326871273,7.558578694377991,5.137416768810288,3.349870082377819
2010-09-05,72,47,883,59,1.7484237568410679,3.6225771804989795,22.110451703141628,1.718611538026218,24.01421894631327,0.8075436731329958
2010-09-12,87,36,521,72,6.992581225864276,9.827348053074077,43.63449894934035,9.13647567799956,27.578394619923,1.860798802852606
2010-09-19,53,31,588,18,6.3755684940096256,18.796696918408927,17.032206466845317,4.361878259344401,23.110947123473704,0.10578232779550895
2010-09-26,67,29,811,98,18.030569508686987,14.347131127230643,26.744767349746514,9.35250754002186,17.387353208072454,1.5754565498337154
2010-10-03,34,23,674,79,13.480454125268372,19.01602205061883,44.015813235144634,9.847309059372696,7.134037841670434,0.36746667320373705
2010-10-10,56,28,137,18,17.8786001661394,6.16418200817942,22.17917825732071,9.387262050965395,27.62332199925722,4.268248120393148
2010-10-17,48,28,212,72,5.545127193219431,2.619141479567939,33.74070547037589,9.525836603944386,30.944122260184894,1.8580176699989568
2010-10-24,92,40,776,43,11.202978631670469,6.55976183651377,24.08788229135552,9.811311421517066,37.17605400112905,4.791137771023435
2010-10-31,54,24,945,25,7.280359454229559,3.296790405623109,43.963101561078474,1.340505835049791,9.903725614962685,1.0815435821920778
2010-11-07,15,9,666,54,8.407231322640651,8.954080797778639,12.912748573893037,9.82822437654966,14.76005725472218,0.9595413998021464
2010-11-14,12,8,615,12,9.761935810988936,13.825847414037352,14.878554996233175,2.106883346483613,7.96778728130632,1.0629962158735085
2010-11-21,16,8,500,57,12.073328276137417,9.530062214371254,28.674601437438366,6.106796979010143,16.26202699283323,0.9164973560720536
2010-11-28,10,5,150,22,5.203046831629022,14.240157072944257,9.544831193869465,3.2500995159011596,26.9760833154161,0.9830183945261258
2010-12-05,13,7,570,85,9.263945655804847,7.183962998790719,37.01338259777554,5.784497708157132,34.70403881770799,2.303338292691491
2010-12-12,28,14,859,78,16.031607474123607,19.552278706002937,11.80719917370202,2.3588520829850848,27.95788823552005,4.048420409370297
2010-12-19,31,15,329,51,15.841419445113301,13.516104756153126,20.81774031086824,4.642897766975189,39.17144722883689,1.1141929594550777
2010-12-26,12,9,720,16,19.00542911272769,11.26700989649227,28.925338510553765,3.352924534455327,22.05974574473298,2.756138734219621
2011-01-02,18,9,684,71,10.326210248972025,7.486511044741625,24.89599823948415,5.420016674548027,20.093538368130652,1.5382320676245775
2011-01-09,24,13,787,75,10.710326467793415,12.886881451453833,16.566746288373707,8.018728391006722,15.901507758748197,1.5835771453057208
2011-01-16,18,11,156,53,21.161723021287475,9.383498744292728,21.86488646375699,7.014652278841877,11.709186770793142,2.8338969290207143
2011-01-23,18,15,361,7,9.921800815850277,13.84768626946321,10.164586102315212,4.072406959150528,20.225415863547383,4.598549094338591
2011-01-30,23,13,441,47,3.1967189301546943,1.4977871971114627,28.77375390494306,8.533041205757133,34.27993699009321,0.3713370530132478
2011-02-06,24,14,597,8,4.1510285354434115,2.596847928811157,11.422918224005091,3.6510563183029103,34.66994809161936,1.4778128411151426
2011-02-13,35,20,761,13,24.009730136819705,7.14817324130935,18.179764800496933,3.6224170283062085,15.511871045180792,2.5389034121858916
2011-02-20,30,18,597,47,6.665682674474671,18.807794546144308,39.85776107634991,4.065121561600945,31.22867910909726,4.796042878237712
2011-02-27,24,12,966,6,16.841795689165558,9.500032835264687,20.95085008557527,8.34812039004084,15.998053762914267,2.834484278473982
2011-03-06,25,13,698,24,19.31869899661703,5.465284183358553,40.29433202346173,7.828437166387456,8.425321734313076,4.29000764076663
2011-03-13,46,26,406,36,13.110363716133104,15.629131123690685,29.17070583409732,8.868158257915377,25.499432986872524,3.3407740723117025
2011-03-20,19,10,284,19,18.131956065173497,18.701192617385008,32.29824121819851,4.453272659899979,33.75139999623775,2.571275778466347
2011-03-27,33,23,594,66,12.924534907942604,14.0902959577341,38.94420081698915,5.894735639232065,11.452154606761344,2.417549615514064
2011-04-03,35,21,548,35,9.068073616371173,9.144110938246255,49.70246262147682,4.1998935565721425,6.228771906957993,0.25685311252771215
2011-04-10,21,16,374,85,16.33110192538028,17.491105639550437,49.5644129895085,5.609297636819215,14.504428560804257,2.351439991533559
2011-04-17,26,17,369,72,11.82447655770629,18.722796099098282,49.93035796580456,3.053861832379638,26.21953121991021,0.5591758821775467
2011-04-24,34,20,844,46,7.360399552976201,18.98766942993803,22.74948444026793,2.436260545720913,25.926654420806905,3.2814972597826575
2011-05-01,31,13,992,13,14.446617172158854,8.302364979782158,45.56551782476943,8.813428408806878,33.92600847892757,2.363980109724117
2011-05-08,27,16,617,69,11.418114926015427,18.091162261473162,30.150547009256996,4.302488498809449,38.1603145461034,4.2635714028146685
2011-05-15,14,8,751,14,19.43596588237783,5.664127766098298,16.99398767747469,9.052472678167042,21.86724238515286,3.9062032495620076
2011-05-22,15,11,451,57,14.498176473930267,11.298932144237382,16.799918109169056,4.137300051654744,9.51791755847061,2.332532543859199
2011-05-29,26,11,663,25,16.744033692764383,14.792320546737141,36.56856407366803,6.1193154785058965,38.97139962524455,4.88395460964472
2011-06-05,66,41,280,75,15.12539913030841,19.77689588538683,5.013886310565905,1.901339397814532,30.09780456387699,3.021227308946326
2011-06-12,92,48,761,29,15.188304813746365,8.283283024065668,19.176260606179525,5.636275021412472,16.965194718746364,3.2667440620060093
2011-06-19,98,69,884,13,13.948342589917463,10.23129915300501,7.822329092053685,9.281702244126414,27.619980052662516,1.350063857384032
2011-06-26,77,39,179,6,24.910509094891587,12.46464955895258,12.41053873539423,5.040490447055855,28.651528189806573,1.0299519514624786
2011-07-03,67,40,587,77,13.004781139471888,2.8035508927881994,18.45167817167838,1.390751583887396,5.548067935580855,2.2320960818533426
2011-07-10,62,39,894,82,21.949028506098994,9.232002318987245,24.523609634857504,2.298110420686722,24.616629046725333,1.5428497750897987
2011-07-17,80,42,714,67,1.1492011036819294,3.5857076652684885,16.276466140364406,1.5383431985236415,31.966962326070554,3.0818585801055405
2011-07-24,33,25,297,42,12.248386058629563,7.678196716084525,6.385614099094461,8.04825532054155,16.165898003520383,1.3935893501505683
2011-07-31,58,33,803,14,22.23650451019087,5.546880421776852,17.597492653478003,4.471340465288145,26.222853590773568,1.1108895680891602
2011-08-07,58,34,697,24,21.24918633098791,2.45203622875762,18.546312213928907,9.393031998860575,28.521113573863104,3.8320900032225738
2011-08-14,50,34,362,65,16.228319233991044,19.33150802725162,13.968551710106492,6.412005133453625,7.512785650667893,3.092762540677843
2011-08-21,40,26,473,44,13.267315263992131,18.19778613311639,43.546171645025744,8.451976012843222,12.684893686435556,0.9442949033508021
2011-08-28,74,36,577,66,23.20526555310217,15.331792847544996,33.4114182969223,9.42760944136651,30.722133316233215,4.5465919808627175
2011-09-04,53,30,150,44,18.12682744983598,2.5830254778723685,11.566394133865234,2.056714662205832,15.626507193049362,3.2325264388500696
2011-09-11,56,32,134,10,12.671958763348414,1.0995638393517413,10.732788168967144,2.5180969002254723,11.593636399194347,1.5861396148730786
2011-09-18,110,62,618,87,3.954870371755007,10.216013334580113,10.256008097440189,3.3356536163717516,11.758104814498566,2.6676161908391203
2011-09-25,92,53,381,34,22.46523630239079,7.851561131647939,43.951175869308535,5.092012196880926,10.472799105499345,3.2896590159545336
2011-10-02,99,51,481,99,22.13090764487088,2.0604215459093407,44.103332762143125,7.530727515105097,16.586752248030418,1.2815881136893117
2011-10-09,55,27,609,27,18.262676899830094,12.969428213131117,6.158638191391855,6.042661792713291,26.673876172312994,0.8129647514874863
2011-10-16,63,30,916,44,12.422360849155627,7.952652667436283,27.616854356376496,8.342971856836346,27.00157681876119,2.4093306498323908
2011-10-23,45,25,633,94,7.5122372419203485,10.250519665193364,44.5935256257507,7.524763950253627,31.414109800207367,0.11662098043069011
2011-10-30,82,39,392,9,3.34867924799614,17.151571912506196,28.207158294799353,7.196851795948643,32.540749537701615,4.247119541634184
2011-11-06,18,14,192,68,8.679026778827083,18.679030017139784,40.65006149227253,6.329672843028714,25.202975324673886,0.6794095576834522
2011-11-13,19,10,306,86,16.47123642213,15.328369826363803,35.20410575459579,9.747178152810395,8.306566161035358,0.2964333623802954
2011-11-20,32,17,283,6,14.862595712846076,18.138109400885085,37.055891458840705,6.186546352155373,21.55858667308042,3.992838199294304
2011-11-27,24,20,965,95,16.862039397823782,6.453656898803214,35.036817834277066,2.636009111724561,34.886216900539615,4.647501683343964
2011-12-04,17,10,883,35,12.114030428204757,1.2320224203293786,8.145956110204448,9.882993370927911,34.24482722132615,2.491950521376663
2011-12-11,20,15,187,60,20.605406218137254,15.03798191895785,28.82499356360282,8.43983310706032,5.5149987943163845,4.194860210457012
2011-12-18,20,14,967,23,1.3956738574558303,12.928894600742197,33.9211919147492,4.669871652559412,34.38171696792822,2.3057055857567668
2011-12-25,12,7,843,78,2.3089348358645134,12.231648585174689,14.855974499817394,5.129667704245787,33.04284921511346,4.89431817096301
2012-01-01,30,18,751,14,23.889889142430242,16.67058179520557,14.502539438905433,9.349270560195901,14.056444982688895,3.0777551374733254
2012-01-08,21,12,123,16,11.595273760810407,12.097740886090794,28.07427657376492,5.905224059494919,30.184990824494946,3.846362521709913
2012-01-15,12,7,245,6,23.510227983749452,4.334851049138162,49.11829069319638,9.08619078609456,23.31471261685381,3.308519667898806
2012-01-22,10,6,539,88,15.96253506742039,5.6277145858764825,27.145050727732297,5.144860354700412,25.09357436959773,2.5026471442285185
2012-01-29,14,6,801,52,13.420420365858341,5.828908129784274,17.760398912982325,7.296908013332155,18.16592811240698,4.2015260675156965
2012-02-05,18,8,164,45,14.565778093271927,2.4212348237677066,8.160062780298583,6.677164672807757,21.308829879365007,4.376152494246096
2012-02-12,29,13,790,14,11.395822300701514,7.570267679630891,30.6437069569482,4.569950506137715,19.63813524378031,4.9330550177020625
2012-02-19,30,17,742,26,24.27346039658818,11.36859194433512,32.6811565024247,2.105905070398076,22.657479133704022,1.6610221391387
2012-02-26,21,11,894,94,10.216207047747975,17.48051230732607,41.30947597139797,8.72743432699519,35.92458347455747,4.555343428022627
2012-03-04,45,27,989,33,4.686953737784646,7.178641258461918,38.6973372243937,5.690087466216556,15.534310053739024,4.189351535852498
2012-03-11,25,16,905,22,8.625629823364292,5.323630983781383,16.543497214735183,2.3891093662756564,16.700436861557108,2.8711057241720037
2012-03-18,21,9,636,81,18.954937608818792,7.844901383906285,45.703082840094865,8.001419081473541,17.416578334073158,1.7277395204657262
2012-03-25,31,24,839,6,22.047278484504716,15.729128560487947,30.78710345704069,8.19312262197175,11.313105775445186,3.3851290787407193
2012-04-01,14,7,373,96,15.883757841318541,18.376689410197525,18.525743764314264,5.262212951344296,20.5227968422434,3.165587969341047
2012-04-08,31,17,406,82,16.436912919916235,8.777374554654758,33.02098868874093,1.729995188768407,33.369327121414145,2.6185268894493055
2012-04-15,25,19,619,55,11.411648119966834,1.4262397504804198,23.182401024553375,9.0415431813918,9.449676078127274,4.473633747206467
2012-04-22,34,17,166,89,19.93655061963268,18.08538607632736,39.442112433858924,5.740960115438344,5.371627006334784,2.2824427629635404
2012-04-29,27,14,852,73,5.343634440981015,15.066225400504186,43.88907166504519,7.702591724046769,15.984315343471396,2.3287438890996537
2012-05-06,32,16,365,19,12.742357852676589,18.937099628034066,8.362227642431762,3.640773371163607,35.94926536918513,1.9112366961057767
2012-05-13,44,26,996,28,3.0026819856498097,7.915022241888268,13.35804419240261,7.677627250865552,24.236329612399313,1.4315016504226683
2012-05-20,28,17,429,13,24.634422297793908,7.771795563848229,30.397716041657976,4.036706629186262,15.613218834533097,1.269056152926979
2012-05-27,36,24,990,37,10.119444239129912,17.098412364013992,42.035229801726445,2.324123992603411,35.844632256480025,4.98750782055186
2012-06-03,66,58,677,93,11.792979043868963,16.563426687125567,16.207841170228935,2.0816486808531502,33.057900414612185,1.2907906992804759
2012-06-10,66,40,818,42,21.701224164409,5.358575377946048,5.0767042141313565,1.1667577582076236,15.935550273279123,4.351535985131287
2012-06-17,74,34,845,91,19.043471167164896,10.64814817232925,38.792023937784954,8.038991286595593,28.600460451438355,3.5284749758944827
2012-06-24,96,63,633,60,2.713361251470433,12.125979405269707,22.382642284605474,3.135681020291604,9.599971767447153,4.018461851690506
2012-07-01,60,35,277,51,7.311764873862291,1.3517135629404615,7.586261479175661,5.011120884786556,31.702192663853324,1.2929247919768592
2012-07-08,94,43,901,88,12.477103867549772,10.101936742610999,15.946398528588732,4.25660337015194,21.374441241587164,0.6158645508829094
2012-07-15,71,42,945,59,8.939612625786193,12.139890786145987,42.25608151155453,1.921915396536893,14.890647551649952,0.23208495075233743
2012-07-22,88,38,256,49,23.623752553833548,11.330761482131264,7.662165243688576,4.611262722641019,9.7360265644539,0.2321541717475694
2012-07-29,60,35,716,55,2.7183467382896698,1.0163224932589747,44.34854131814593,6.983949553158697,19.415684464031756,4.7879623198633405
2012-08-05,57,34,973,98,18.959030901514947,3.7450192750592506,23.562062731683373,7.064695697200094,9.679796425236841,1.2974123384630534
2012-08-12,110,58,319,22,17.433283776499714,5.805546922428299,43.072949687768606,7.951260357544939,38.38334957742252,4.546530788582597
2012-08-19,73,39,257,82,15.35589101915443,1.4978154246909767,6.673461580579897,8.979750753756461,32.36844287101683,2.09750059969829
2012-08-26,114,68,512,62,19.346866577029694,19.18554115060737,26.491330150606828,2.2899235857931517,9.542363630788532,4.8880122790326705
2012-09-02,78,43,113,75,14.329252204289078,7.851668182921679,33.38325683916408,3.6432520860730286,26.91995026807572,3.9862832715614305
2012-09-09,78,37,681,54,11.10061259064052,18.011176673677205,10.094145819887423,9.903696618013312,10.795302725764273,3.5061867550891486
2012-09-16,83,40,593,43,14.303005110475194,10.818365138469032,24.542123833589713,3.4677194687478794,16.136478134150977,2.2280413514154236
2012-09-23,63,42,478,12,4.636619329870108,16.68264365394842,15.541070432245663,8.691279569926351,10.157161015777236,2.2613808688043147
2012-09-30,60,40,742,7,19.00611973747919,15.072404384887177,22.25422243614734,3.6993550116144056,8.243793809323172,4.349907235292664
2012-10-07,69,38,366,33,5.564371144775117,8.056177876992066,14.476346892745692,3.237418108545742,14.67953500736737,1.1352624077476485
2012-10-14,82,53,167,53,15.12914877865818,10.008593636946475,49.19873572065081,4.525141107177527,6.712364878562873,1.6100664385208556
2012-10-21,35,24,208,80,14.207637368245408,3.3034221428876136,44.77028303974058,8.730284089584394,25.32703780640852,2.7086881641284
2012-10-28,42,27,251,11,20.698247289590373,7.955327038419813,43.912545821837156,2.763807616422326,15.998745884607851,2.1252122951672368
2012-11-04,18,9,318,55,3.3574617836619547,10.36621101896042,38.59308582145226,4.046405839338695,6.0069571992628275,0.1011396403308894
2012-11-11,28,20,197,86,11.55084258478032,18.67699435230599,44.45373491517576,8.254491552234112,11.061317557551176,4.581371873332007
2012-11-18,23,19,462,16,19.33276403883535,19.861169630848597,31.97755618852862,9.670280222407957,9.461260610808521,1.4108510122721996
2012-11-25,11,7,153,64,12.829388240687788,2.0308051357721086,49.779125222282666,8.554812012138989,14.725219923427238,0.20390822196356637
2012-12-02,18,10,315,41,3.5181429138375586,11.140555919866024,24.70774511505102,2.6522319399032677,11.542400087640797,2.636433327622082
2012-12-09,31,14,847,68,11.21947487541866,19.143696527258367,30.188991935804175,3.153977929698556,21.95565340201772,2.889306502683494
2012-12-16,22,15,581,55,6.898116139522807,18.695447695472627,14.895832518434887,4.5242392040575945,16.36327559570484,0.33488777782784385
2012-12-23,22,10,126,63,3.4091825387598647,8.049022971378157,25.62472691584165,5.965684990809945,25.099997762188373,2.555747459386668
2012-12-30,18,13,656,69,19.151380452612436,19.08211642515651,17.90151520697337,8.737737357104745,12.865755747858739,3.082046911530501
2013-01-06,11,7,284,17,24.113734330876532,3.102168868616201,12.09251796579197,2.0630902662098283,8.33237059519763,3.7327457792687793
2013-01-13,22,14,371,80,20.0376627148594,16.737744799522076,14.293887938516903,1.0104633793645867,12.965353666144479,0.5251082349676096
2013-01-20,27,18,856,11,15.932959629938871,4.788183214046629,30.304661115836105,6.019619466001655,28.31238436187703,3.0493248248781866
2013-01-27,24,20,817,63,14.891151255991767,4.177026266575249,26.754209017935228,4.552300636053923,37.40057177305701,0.5276868127918577
2013-02-03,23,14,354,44,5.840362901252467,1.828171044809964,41.20941821904194,9.360381887104788,24.571904012175906,4.956391262853394
2013-02-10,38,21,263,90,11.213879792866736,12.520052748107869,19.28430511670163,5.531060121017597,16.981771023155783,0.7094318309586377
2013-02-17,28,14,101,97,4.669430594273245,8.276931590324613,7.618001607551232,6.6344476098762115,7.138859633189725,4.874376051842869
2013-02-24,24,11,824,23,3.6964129014671947,8.422441303225316,18.942623482150598,5.387967981976833,35.4444514791483,4.573400412814302
2013-03-03,17,15,792,58,2.0411845111000613,13.555953194891874,32.70373137524068,9.5372359788347,34.00081415498802,1.5943148334945467
2013-03-10,17,12,234,54,14.181573027352893,10.999441258811324,7.324545418684169,3.5180184655120015,38.2573526148164,3.2618707416400556
2013-03-17,36,23,406,95,13.083473626246576,18.25440698389043,17.78822285290128,7.476491456339681,14.965548513630438,1.3945557703238776
2013-03-24,42,18,259,99,2.927565045018686,17.850243701325606,33.251966202180974,8.465361668348192,20.094423208607708,0.4014186702732774
2013-03-31,14,9,147,35,3.500071717756895,7.5488925769235315,33.09749676924905,2.885478446261859,29.53137039965989,1.2828318661711624
2013-04-07,43,19,275,10,23.5141982840117,18.67823153680545,38.35482404625775,4.015671394870453,23.538034001291102,4.112549276171221
2013-04-14,18,12,248,89,4.106433333910503,13.224127021117546,39.961261487405025,7.592608216417164,6.1914190309349095,2.5212335797717285
2013-04-21,21,12,677,81,24.925819324809204,9.62156511444041,38.57572622667687,8.53158578761651,5.9718196325925295,0.4162133707548408
2013-04-28,28,21,674,82,7.335890785939384,12.063969476255032,28.07807387384414,2.795152748170519,20.00693467245844,0.775129859486298
2013-05-05,25,14,240,89,7.136894451040845,8.633403057491627,24.899436448240067,1.7057454820206346,31.688066399629616,4.22010878723953
2013-05-12,14,9,785,85,23.28601339421295,18.24592712504029,35.76199212003032,3.381650919158184,35.3133143005401,2.4218353477605064
2013-05-19,35,23,598,80,12.15191353985959,17.753284964089843,38.272577615530544,2.677349851203966,38.46618447485013,1.556305121300807
2013-05-26,39,20,666,32,5.4855961386775,10.347795179518156,5.5675067914289,5.910577195942357,39.204105507991734,4.136821595086343
2013-06-02,71,47,985,25,20.458271661618234,11.30912215871714,10.741136233825475,1.7062600002740504,13.215918192486486,4.80491737193761
2013-06-09,77,58,994,47,14.231996523786941,10.734083217292115,8.051759793420368,2.964109301598676,30.948830208625722,4.453813759219519
2013-06-16,86,55,497,59,2.105322608209325,15.906322856286215,25.32669891870204,1.9023666089824807,16.898901702202195,0.5440886118551997
2013-06-23,49,31,821,79,24.03262280190624,18.4510132906868,12.80448165695022,1.1606159676131198,19.671226682420603,0.6911055254280594
2013-06-30,55,32,846,75,14.171348112613728,18.992740600048844,30.601392218023005,1.9928712338127816,13.420292602344357,1.611333890298133
2013-07-07,80,57,609,11,10.863000835215102,3.7422342962262984,8.411660444163378,1.9948046584819394,20.34565193924619,1.4216703095067034
2013-07-14,83,50,368,45,13.97844674565911,6.039270025118433,33.878101139429575,4.8370604867618,20.345480004708918,2.66900261163821
2013-07-21,61,47,472,42,7.023889145880783,6.910738112570835,33.96778036844821,5.42820327018603,28.005843515885605,3.6280160202870695
2013-07-28,85,50,351,91,6.310224498096336,12.719525607850608,20.206439758055602,7.2059551997283595,16.804858266777764,4.488616873710668
2013-08-04,61,35,550,30,13.798111033681385,2.754171944272963,47.35458684838272,3.367560530836069,23.69773431606745,3.1904648162122897
2013-08-11,104,53,687,57,13.744776537481641,4.723311863432424,35.20496257163707,7.7779746502860005,33.092139159789426,3.7587275545691634
2013-08-18,65,36,355,79,19.05744000746471,8.90910784501116,36.41791105248668,1.3687608176250314,32.951085663387644,3.016543305928833
2013-08-25,67,32,151,77,4.211822062121414,2.9025113386432095,36.06929299098964,5.615236845962037,33.29789983270681,0.914916746407124
2013-09-01,98,46,367,72,2.457749674833324,16.11855711913102,14.122072149197509,8.916847663365015,36.891812282189434,2.260165056238084
2013-09-08,49,34,418,99,5.955147872978874,3.18895579545166,20.331597689454732,6.4032059999744,6.007517019380746,3.535531362897607
2013-09-15,72,60,697,10,13.362825949591901,16.488776853215874,26.703753320154195,7.45338268007879,31.00364731915285,0.2734992077360002
2013-09-22,108,58,427,49,19.085044713085544,12.505118845086058,46.07753496532554,3.897144174964823,21.01607089451643,3.9232130375998255
2013-09-29,67,43,412,44,17.355400863017252,15.851119250159762,8.726231410813002,9.495152052754884,33.691170083767204,1.0678467028532088
2013-10-06,64,32,648,7,18.372973537390905,2.8834270466364296,16.747512957483686,9.280974412358692,29.851148271604075,4.305537551802157
2013-10-13,55,43,998,31,3.2829371167361803,4.373654853333807,46.65296778171221,4.681248138727618,11.421101341771138,4.0549107354165
2013-10-20,81,48,910,82,9.435922200073488,4.217630307995231,14.311951948799276,2.257506248920354,20.822267846023962,2.6799065762636154
2013-10-27,83,53,333,62,5.325008725715741,12.674225822693387,27.302807541716618,3.631164771021425,20.072086007313224,3.773912930101292
2013-11-03,15,11,128,86,18.780686600971706,2.8215938389352138,49.122138534150984,2.8577635689014365,21.680552422154886,3.4008113050141358
2013-11-10,24,13,214,83,18.167063441540723,17.83268432363007,18.930783875955836,9.537676834032538,23.826072951645465,0.20504521760810845
2013-11-17,19,13,404,92,5.191924223645752,8.313420214511467,18.782882768477457,8.283948111628842,23.59202234864758,0.6648921229709898
2013-11-24,19,8,657,74,7.232213992816396,8.611105797369426,27.21546545327052,9.008518868920774,8.791405301350078,2.2345128186937173
2013-12-01,25,21,386,26,23.771558844139093,7.341822277345175,12.089954745978446,9.926668643603143,28.0126674085561,2.3499705449674306
2013-12-08,14,7,557,21,16.248968580517314,16.88043009327597,42.20614909842714,2.1441532142603315,18.30238184369054,4.290833683034442
2013-12-15,21,14,685,9,18.827771794272625,19.274803755127703,34.086409160106385,9.869446758769373,21.545492757068747,3.640882602510077
2013-12-22,19,13,167,8,7.198170043174711,9.246610727691763,34.92942748566408,8.857694048959623,29.695958257017544,3.1802188458954213
2013-12-29,15,6,503,56,2.048518215532013,8.970018688500954,37.748530834223224,4.531360611236401,17.654036744221344,0.8591653494434853
2014-01-05,25,12,771,55,4.463504113748834,12.763006260201665,36.41261805217085,1.6615476253955355,35.72096851040702,1.8940761599585438
2014-01-12,22,14,636,74,5.092531096532341,2.9089530461835063,26.792276539942073,5.20559151920405,11.077206777698699,1.2622566071523067
2014-01-19,32,18,153,32,24.64663739332392,17.719306071727807,35.065772105696055,6.518853908453515,6.97433181852908,4.89832289168782
2014-01-26,19,8,912,98,18.631756181788955,18.885573659180324,28.4214126340354,8.159651209257213,31.123601755550755,2.065669566570204
2014-02-02,28,16,656,18,10.684565106474569,8.884311083725496,22.33273093652189,4.968851516613147,19.883820568422408,2.599669283498251
2014-02-09,16,12,180,60,10.294355953271598,2.063313188812307,30.741571417275242,1.650279206204873,29.68068434671247,0.8737871178062708
2014-02-16,30,21,490,14,14.668579215734372,2.3660283809943334,22.260239149682675,9.293310612929169,27.68589889822471,4.22605367726958
2014-02-23,26,12,707,86,5.022406069018258,19.97533675772818,28.06215348127941,4.619840517217178,31.695352579786867,3.275698817763913
2014-03-02,36,25,801,24,16.671695124991853,3.8828875962626466,49.86846731650433,9.243592718612126,13.679269240611548,2.8272298235476225
2014-03-09,33,20,875,62,13.409335919294175,18.360018283315753,7.292282404138397,4.81804012782904,31.593193404934276,3.873740797633376
2014-03-16,25,19,226,71,23.71273863545436,19.861220767414498,24.81696625212909,1.6116467901290603,16.59308358556246,1.7461623991554798
2014-03-23,14,11,116,69,15.763222868576172,10.150456565098875,38.61218354282399,7.294648754137199,37.02812419656793,1.7611888084431246
2014-03-30,16,11,544,16,2.8798458276295893,6.161067318251261,12.95463366304611,7.510521000800958,32.0209268366921,2.478533866958981
2014-04-06,42,19,167,15,17.32688765737364,1.8952663122147264,37.650852587119225,5.5960461745642665,26.463744411380347,3.7318735732526567
2014-04-13,19,9,395,37,22.671110347769414,5.643780157843025,17.98733983273027,8.619570314800535,31.398639863762757,2.0846457754734877
2014-04-20,19,13,469,75,21.605928897754218,17.984716784528764,42.42813441923561,5.334984618809145,33.02022587514681,1.9007383191979088
2014-04-27,32,24,719,61,7.760220063198577,14.832178022163527,27.18756040691351,1.176865696193064,7.1342901644930805,2.1322972541994143
2014-05-04,21,17,829,83,1.0301319798058515,15.862728822729528,11.705279738903826,3.7091348167287803,38.339368251701515,1.9349315847169495
2014-05-11,41,24,127,11,24.01772878216527,2.6452027384151418,11.253922153084405,5.495010808880199,25.768246519095957,3.2050176383135107
2014-05-18,30,21,286,73,6.33141828014155,17.302415330003104,6.767474568862128,7.284995085923516,8.901703043662147,1.6363497766349229
2014-05-25,19,13,198,37,21.270819363781296,13.309119752867614,24.482522675881665,6.921264282110688,20.95255838470846,1.3689606979789284
2014-06-01,81,63,118,24,24.87455461117699,3.8761818792398026,5.543821055622761,7.789399926842529,25.843373387049326,2.4674015762942614
2014-06-08,59,36,773,52,21.42170082453758,14.511564052017398,38.91417357719625,8.093644368613852,37.62280003522343,1.3349700275195864
2014-06-15,95,57,877,65,13.091544739826102,9.26730948137206,19.800428721450665,9.545207541826603,29.952572476719013,4.963482785976872
2014-06-22,45,29,542,70,1.3195180669148403,10.178062682019942,20.09236140208787,9.656430118171292,5.445340248967058,2.4660858599547586
2014-06-29,79,47,365,95,7.621399158608358,8.668522456498891,7.196740554643865,9.263504024357777,11.96620241098714,0.463134357593067
2014-07-06,83,54,382,10,17.598045033046166,2.8279887800825776,17.42596526162005,1.6893030798584157,33.928538704368805,1.985498174343711
2014-07-13,86,52,651,85,22.629658770685985,17.00088773188277,7.166762011982115,4.289098618150206,28.136838188456924,1.052516975988493
2014-07-20,59,38,941,45,9.459561374136833,5.631702248682887,29.399541591801608,3.241922150163503,39.4950428255837,4.763498078813034
2014-07-27,79,52,176,52,17.84871949901597,18.18027203459223,11.84803933571971,6.90146112437428,39.420832975788,0.9489386275898766
2014-08-03,35,23,226,66,4.49226879574593,9.20692703493291,37.2663818265311,1.0359030879730067,33.78289933192872,1.0488814287953359
2014-08-10,61,40,538,70,1.1302838703009979,16.27899678779966,28.502123936530573,7.27863107854746,16.658534326384448,1.482317379904332
2014-08-17,73,40,263,52,1.2288619284532363,19.403719471851456,42.08554370628773,4.642668362651239,30.289375890447836,4.540817212132165
2014-08-24,51,37,507,69,7.2512942460095235,12.73145274725225,6.3844216523596415,5.051363503138445,27.557257404759724,1.3156842713634942
2014-08-31,89,66,533,44,9.329163795648954,19.06831814724086,21.852214620757437,1.2403161571189742,23.686639932046617,2.046282807705001
2014-09-07,63,32,899,25,20.038031679723147,14.976525184426457,37.61151734436465,9.637446629720747,9.616092456777963,4.381481217915882
2014-09-14,75,49,421,90,23.722400785621332,5.9542957268437045,24.507237515588248,2.410575478816476,39.68821430045684,1.5461448682523506
2014-09-21,41,30,685,5,19.01941773300979,14.524102883241842,7.519334728039167,2.294265385558133,19.826191701036333,3.199048211577898
2014-09-28,83,44,474,38,22.035087090625233,13.128548976036951,19.147345552051313,2.504571171459565,16.206427002013726,0.4776943219776325
2014-10-05,94,52,329,97,18.26457718880088,10.17934046958027,41.18087415381667,2.3579200729047276,8.232179336818431,0.23744123818913468
2014-10-12,69,40,262,81,17.482442637991234,16.44418032291995,18.060811945813782,7.9107273266837455,20.000855139154567,4.682068167370995
2014-10-19,46,28,481,63,7.3243293968178,2.7803509228076058,31.490622735175656,9.283201133061644,25.46257393876886,3.4439515560223093
2014-10-26,51,29,237,34,2.0589246069725915,15.665133080477634,41.75524800168868,5.7605536676676525,22.949013619450767,2.0851633045439373
2014-11-02,16,10,535,23,22.277354192584326,17.441961877638203,22.031270463951298,1.0306217969149545,7.291947554101144,4.273896717093819
2014-11-09,16,11,599,16,9.16439991082878,15.470593229314888,30.698710194105256,4.348446312521012,20.954312447064687,4.245134047323545
2014-11-16,21,12,495,73,21.31094051122566,2.8403024884784998,9.358731289620746,7.617548729158292,20.97545506482929,0.838750289250628
2014-11-23,29,18,465,46,3.754288283026624,16.53190457695419,10.447967571046172,2.95074455487151,8.685922529602825,1.976237245424438
2014-11-30,13,10,497,92,2.4001833434480933,4.711826911554812,31.131986683242783,1.1773946115970533,18.679660385087672,4.745723889413571
2014-12-07,29,19,749,30,7.735038929255441,4.594267017998959,43.31289775131123,3.0961953217696783,11.38013058249068,1.140207263820552
2014-12-14,19,11,901,54,8.893091482660957,1.6865762314222592,34.20288708015303,2.6976127323527703,11.152231039174769,3.125928432546154
2014-12-21,12,7,192,24,15.516772796391756,16.64188881860359,28.136408215234464,6.868882626066549,24.548648143120197,2.575242333111512
2014-12-28,18,11,217,37,8.482175289270835,19.608654054652998,27.704069999265027,3.419596111669632,20.040288644184958,2.5656700143721305
2015-01-04,20,12,868,29,22.423929057499137,5.0711395995093005,9.984617649783083,7.056996998890823,37.82333825625858,0.4933469572149145
2015-01-11,21,10,880,57,1.771027167767147,19.34320287189177,42.84099980744936,4.284691180475805,10.119581157620097,0.2633929552220905
2015-01-18,27,18,777,12,11.336840123128614,8.249188738693302,6.6706245995345625,5.183257554725894,32.18526882012152,1.324473479304538
2015-01-25,22,11,631,21,10.79515227603284,6.59456187231642,20.48639432887787,9.10480958483176,5.1915664062790094,0.13146528164576615
2015-02-01,30,14,133,24,8.913273406688937,12.089636920606077,27.63873503435367,9.388789777117058,37.63612504560066,4.997698663144386
2015-02-08,27,16,913,98,11.948870199863308,18.99157250323272,43.57501244386955,8.735552894918442,20.78280522782763,4.479551401194832
2015-02-15,24,11,585,46,13.964225756449203,2.290203839295203,30.945281915901894,7.202281156548874,21.06626931556449,4.170443240546154
2015-02-22,18,15,757,71,24.6407978890037,14.39909568897843,13.753846083359127,2.2496746694694933,23.177351651269216,1.2666927837718498
2015-03-01,36,24,214,20,9.404944015545926,18.37620603397325,25.094929442219712,6.642235026927056,16.913580580209263,3.577250910277321
2015-03-08,32,16,548,35,9.139248362105299,3.4978705920002633,46.99608430909454,5.890530874104485,35.84746594395428,0.20212150933950582
2015-03-15,23,17,956,56,19.261474158647417,13.570883825430263,39.88681510795546,3.555682893509842,31.687293314885018,3.969984866601864
2015-03-22,24,15,568,87,13.113159404336933,18.42604292067127,35.443423704725674,8.845603916717014,20.417136593994137,4.230278419713347
2015-03-29,38,17,166,66,20.910246826324407,14.474454421450693,46.000583783174896,9.278558370761187,26.92039524565343,3.3814844810080937
2015-04-05,17,11,209,37,22.499214531031456,1.1142036141291727,38.29591950910103,7.030901458688666,30.59084271368532,2.802056689468255
2015-04-12,23,15,359,91,19.715504341345063,17.028813607804352,30.18631973302755,6.061450715203108,13.914147680779557,2.3211594772325364
2015-04-19,30,22,717,50,10.56032506583513,10.52630758126433,31.497517379147247,6.917477988867336,7.0081990393338005,0.9913400524199388
2015-04-26,27,18,246,35,15.75764364317145,6.5910993015553805,37.93193263779535,4.69161724834219,9.84100244369272,4.301110958542502
2015-05-03,19,11,352,44,23.519377749873136,14.486539994329,28.213453391955532,4.767145597017256,39.70341400027163,1.9762155798917844
2015-05-10,23,16,540,69,22.918219162690157,16.20235256502914,25.4069153387917,2.370957682078023,26.035340605075525,1.745240402120846
2015-05-17,32,14,726,18,14.656179455225766,8.869018852541824,21.523076593688433,8.974162599848183,17.01035792390402,0.7303877924619717
2015-05-24,34,19,125,23,24.284354405263382,6.317469724422822,14.26980835892538,4.996950654424003,8.368710801198949,4.997503380800784
2015-05-31,25,18,637,35,3.7254163363968242,16.09544485272239,10.082449056098051,4.2781865921008775,26.853913858274634,0.9027837241094164
2015-06-07,48,33,607,45,2.2147505691393015,8.396436863052507,23.3327075347056,2.6609142626701336,26.942611134142762,1.8766476535110195
2015-06-14,97,46,208,45,24.734550614637644,1.7765365943085014,38.40430483914409,3.061359925879559,33.08134146423285,4.894171952106997
2015-06-21,62,47,723,50,19.287064124415046,3.9828876600736205,8.431555807920018,9.805014666591802,39.51977273222414,1.9971629775892707
2015-06-28,47,29,384,37,4.706735095642364,4.991090304882061,28.07118141301952,4.232643311479528,38.24073235974035,4.780986753020121
2015-07-05,64,49,737,56,2.7368469769702637,10.507715494820722,34.91057184788178,2.7726929894607535,36.65748545806808,3.5740622266534703
2015-07-12,51,30,321,91,7.1999183431058436,2.2636338873873103,25.77600772112099,6.143423945857311,32.84079766116575,3.9988487893198363
2015-07-19,69,54,526,48,6.6533765689530675,14.923567849854976,14.974876720353,4.0793184178534405,30.941374315537693,1.6129729932294772
2015-07-26,48,24,684,30,21.083445189981973,7.319150585026647,39.161461938079725,8.551467122771466,34.966099020493616,4.982355306803741
2015-08-02,60,31,178,68,9.938176161148755,12.828668107717302,15.536207398231742,3.350719459592093,39.771429911269145,4.290796401858609
2015-08-09,72,38,199,8,21.691836807728272,16.773197180107864,26.888067528722132,2.0490996780926087,24.43105206042959,4.938356710648402
2015-08-16,62,34,896,77,17.134042209072557,6.339857860014915,33.147853195329006,6.627287685584191,20.914374222946055,3.465459500389961
2015-08-23,89,55,479,72,16.782513297316093,12.713382991719328,26.809928202830555,1.7411371429086828,30.535696360563435,0.9927895785135683
2015-08-30,78,53,866,45,23.371927841489857,3.3299195589714974,20.910253719651614,9.242912455140793,23.35978971229246,1.7656097730434523
2015-09-06,82,46,457,46,2.3348004286896833,18.710156067196085,8.305754327753444,2.480859397110483,30.301788177145887,4.186612157995123
2015-09-13,81,41,625,99,9.921320659994873,4.90350514537317,45.82010171161696,6.092874426403551,16.031154858411938,0.42740274926968735
2015-09-20,36,29,857,27,10.232035049592543,14.06803362797001,49.06163930205958,8.468059194282944,9.349942751513822,2.926206259012627
2015-09-27,77,58,420,29,21.368895489376133,6.643354974765498,14.875828534542533,5.126369605900348,33.37067274192351,2.719478043499502
2015-10-04,92,46,802,85,1.0987619047820703,14.087429091492776,18.444001571776234,3.5629114739713166,16.501823295938962,3.027246383872076
2015-10-11,78,54,342,52,3.8905950631938095,13.186371313198377,31.293200100621984,3.374097843467832,37.15997112594047,1.107742270212406
2015-10-18,61,29,308,54,7.772993499345259,5.0576861530138455,43.69334209189946,6.866304041940076,8.992727296923011,4.065421664079296
2015-10-25,88,54,451,94,14.085614966615072,13.721644404917313,16.831982185929792,5.981426813035598,29.516887177667826,0.4155511265685261
2015-11-01,13,9,537,40,7.075870228067999,16.556679922698827,27.400694404615685,3.2912822516644185,13.656071932307103,4.133207436039948
2015-11-08,27,13,366,51,10.67468410765623,8.64378056591729,21.761953638299314,2.8036837264601644,8.892834645044344,2.889894204333662
2015-11-15,15,11,212,62,22.890150234753996,4.9632071011761125,22.60157055638426,2.502990732941125,11.363990522217886,1.719078948833915
2015-11-22,19,9,327,41,16.414389609659597,7.6827734004579105,39.181014667841744,5.073004206610979,16.873467092555607,4.346488223697045
2015-11-29,18,9,591,46,13.906072674641315,2.566115868203553,22.77591739512927,1.9486397902248633,23.947039203208256,3.8913381891892054
2015-12-06,20,12,138,18,7.55303414986947,4.406240010795026,15.170105572174222,8.981238093908296,13.65174849040216,0.9488609468426121
2015-12-13,17,10,702,75,24.259696592250904,4.400155695807084,16.150286406894956,1.626006187233356,11.144215335717774,3.0648171964526743
2015-12-20,17,9,885,13,5.293711517148389,13.649700914871833,32.34483917064871,2.807999822548071,39.770376269276454,0.10064838925100325
2015-12-27,18,15,140,87,24.80145998579858,9.69068437160869,34.51924062134955,9.348149346821877,28.76676396561434,2.8975809217835025
2016-01-03,10,7,421,93,1.8427602244600987,1.0046889489558026,15.169880288822544,8.490832336607784,27.327016309447252,3.0982649315104465
2016-01-10,28,15,538,8,7.745160388737549,11.972645438359791,46.94118954061883,5.601469062385913,36.91341911445768,1.958975603010921
2016-01-17,18,11,487,6,7.764596832089218,9.965305733071443,10.016027610717739,3.66274087699725,24.064347737484574,2.0894286724500257
2016-01-24,18,11,257,96,13.920671285208325,16.346621488452143,46.47339790611231,7.400515005892223,32.18755973347012,3.4673057041992768
2016-01-31,28,16,473,17,24.482109595588362,5.214881958155377,8.514788981687886,1.405036860100867,34.59223160666689,2.1048637321121726
2016-02-07,20,16,285,78,18.307200000188885,6.526772693344062,38.48032405003558,6.817694650396784,34.29109817856562,4.800977904653973
2016-02-14,28,21,991,28,3.4378318233303276,17.734156843846353,25.404894845084595,8.445234812778855,12.570376291231927,2.0768643960698094
2016-02-21,33,21,785,66,12.053558868891772,4.650809309476678,5.064375227690653,1.455718664467953,31.524392679626057,4.554072230298502
2016-02-28,19,15,274,64,4.912303638438825,11.856989468107578,25.024652570617004,6.5109272088189485,16.45474171093516,0.8001879117672124
2016-03-06,41,21,424,9,5.469819279284299,13.05050258881913,36.30325030546649,5.684594598852332,21.603667556795994,1.4543330374029222
2016-03-13,36,19,492,63,2.601185744914946,9.818962191533675,22.657201991237084,2.1104017242710604,19.188782839907425,1.9100066462786245
2016-03-20,24,14,992,57,21.958774164706867,11.43429775708422,12.015255990289454,2.6821839488374093,20.62758841472825,2.1266964696365065
2016-03-27,22,10,939,10,14.240986079133299,19.088308980372616,12.821751704694814,6.429534581287949,21.67740106102671,2.608857414169267
2016-04-03,28,23,525,20,20.802577663190753,3.1454361211664765,13.128362777394935,2.5846585850588766,14.418063044508074,1.311939020345686
2016-04-10,15,11,460,48,19.107257104102555,9.547207162834514,13.140055543044628,1.8256853940273263,24.187032414467257,3.6298531944190904
2016-04-17,20,14,578,77,18.46694762982594,5.0521700342096745,12.133616834546933,5.398908792566047,36.055283113636094,1.6297678287056683
2016-04-24,20,16,724,55,13.13078307105275,2.7284765151595503,7.830006370224078,2.4983632836679392,28.028154324632602,2.6589959142490214
2016-05-01,27,17,564,37,11.425377978571444,15.89191566478407,28.80954882659812,2.452805595493234,38.182144738457794,2.637202969932072
2016-05-08,27,14,923,54,6.790117100750226,9.748297191284545,26.950564867470767,8.990124612232473,34.34612891281586,2.0108566325135167
2016-05-15,25,16,561,32,6.4506118894252795,8.094184765124192,28.430584843378398,5.222131951888732,28.894196681912316,2.19779338302786
2016-05-22,14,11,590,65,14.482173689885439,14.788370309849926,25.38257672603852,4.046657401842208,34.04952377315788,4.480960117821904
2016-05-29,29,19,904,17,10.548911990702493,13.038929985925352,27.88265222188051,3.932491692683709,5.710014947795368,2.3844685940262877
2016-06-05,39,29,810,36,4.0088215694899745,9.515540452057563,33.803924996083964,8.201085083306019,32.97687122306793,4.237953981806188
2016-06-12,80,57,555,40,16.088712348146725,16.240158343885298,18.251465702817704,2.894948907230662,11.51051084264736,3.789537055387316
2016-06-19,48,32,235,41,18.589926277020012,17.111430500747012,22.07995391878951,6.01053834385061,27.095652485065305,1.119828822825105
2016-06-26,35,26,149,25,1.929896877282423,16.315330064257942,31.708358612663314,5.594049952670821,11.267763741658296,3.569671341528816
2016-07-03,56,35,888,34,12.374891231087307,18.107947517279953,22.700754332992755,8.925962460551204,29.787896847951465,4.63813724759578
2016-07-10,79,52,967,36,18.865725477998083,17.684878348650205,37.20491087237002,2.5294153020289736,19.936171486077022,2.853785118371033
2016-07-17,59,50,142,77,9.565351755349212,3.3246032291875824,11.22757291239061,9.62209879779178,27.84173949301328,0.49145204831750855
2016-07-24,101,66,229,44,23.92568187479702,16.23091996916228,21.090092975702806,3.2034353909667117,15.493480376056176,2.4368800711284413
2016-07-31,96,51,938,42,23.421339841475746,19.79137837882139,6.859664439524349,1.2654761703839372,29.80327366765812,0.49316606562159304
2016-08-07,73,45,722,87,10.332073199286661,14.468225503050004,9.768608864356263,6.0664492949260636,34.05422392179531,2.1553179949728034
2016-08-14,54,29,559,73,6.538719639105661,9.418766346255875,18.375046912328,2.6492352395682666,5.627580051387801,1.9190448548246777
2016-08-21,45,35,321,67,8.114072606696764,7.544900641134927,44.86101105934801,1.5614590891651465,16.73479413612743,3.0060305820282793
2016-08-28,92,53,648,75,21.610953250656213,14.759581380449529,44.267744334440664,1.0811843065976197,17.257535870672996,3.0390221697704276
2016-09-04,50,42,242,38,10.429168815948417,13.26786991224433,36.47893712240502,4.050898937035386,38.107431649808895,1.950433493839542
2016-09-11,91,42,770,89,20.884592492047133,9.336130398623192,35.76344567428872,7.222429356437028,21.47074155587513,1.4998573472501304
2016-09-18,111,68,122,84,5.422632046127743,16.202620194568325,36.0296658444075,7.790287969584412,35.563900594088366,2.3633049410384928
2016-09-25,59,41,540,60,3.54885489340056,10.73978482671732,25.317369001203794,9.453781725873192,25.43210687712888,1.1450283817211844
2016-10-02,64,47,995,94,20.126945879847035,17.776959971899906,23.759715800742566,9.039401613251083,21.878197235638016,2.367366636354957
2016-10-09,52,25,165,69,2.3886843596416085,8.327550413177761,30.67069118151704,3.198306489008151,17.23098941339369,3.8760404405714137
2016-10-16,81,48,992,23,20.62871171247472,14.729456422526733,8.980485605849791,5.485681427287727,27.712013716881543,0.22525360653911108
2016-10-23,56,36,301,28,23.919706202890698,9.47969571449496,6.206945920385432,5.66009256161961,18.31390055348183,4.170957542921898
2016-10-30,67,51,350,42,11.916388116934588,7.291773108372213,28.660479483186997,6.857270097005773,37.069537512789076,3.9312567311534763
2016-11-06,25,18,161,42,4.390196295837709,18.09560990249032,39.36268521868719,7.4972413367872015,28.728030869060525,1.5758351145124523
2016-11-13,18,9,989,70,7.707277727022311,8.1209443384584,28.611259895137305,1.4971819640853081,5.787112640883996,2.0016833213395047
2016-11-20,28,17,726,19,19.66691034398934,8.952901204782126,35.28107246364164,2.750619010455756,38.20343239966519,3.436257942500575
2016-11-27,9,6,348,84,19.3770085148429,18.636297788585267,40.332387203892054,8.287493213243781,19.70378257173533,0.27087594304839213
2016-12-04,11,7,304,10,12.360317042129747,14.863104696283449,36.466392732732416,4.456851390128832,38.770708398285926,2.503942706622823
2016-12-11,18,10,178,52,24.634898291517906,13.063268073412559,9.281506276906512,6.742515110598542,20.014771163041157,4.30201024371749
2016-12-18,31,20,561,11,18.053600080505824,10.400156302605888,47.17212796273149,9.392171307990884,8.814701660124339,2.6031603228891913
2016-12-25,27,11,681,69,20.848732671102237,9.36051538463284,40.4538615391539,4.6381539920307775,20.54555051865664,2.4725415081772293
2017-01-01,29,16,100,15,20.413928902731794,18.999100115190327,24.42765510886829,1.5759575269285175,34.07902962242905,1.024486667208599
2017-01-08,31,17,273,77,3.6129104953845035,4.249274932062171,43.970333632746716,7.969106331113344,13.942969913129865,3.3638755919422385
2017-01-15,14,9,112,44,14.332286096914103,9.417285481556707,5.062152387342581,9.872802366582174,21.907903737213996,1.9501633272394823
2017-01-22,12,5,375,28,4.093733019507479,17.010924540429702,19.33774187712135,9.410548747941238,17.966437175614995,0.45415724762501475
2017-01-29,14,9,683,32,5.089509923748308,5.254492152815646,32.18285069613833,9.30808109336955,11.833208519432954,0.33684533978730635
2017-02-05,22,11,518,48,23.098934468794294,16.959183241285242,42.54031276908927,4.93378293838677,9.014195259048947,3.541984400423191
2017-02-12,26,18,134,91,11.193834786413532,11.863838264064027,19.155052822689154,2.287778332081426,37.47447786233258,1.5337854060125407
2017-02-19,33,22,252,83,15.26752950889508,10.269130537495947,7.664505004507448,9.03232565976559,7.989590012063839,0.7835072314912742
2017-02-26,26,15,220,55,2.253506720447332,13.919903741154183,11.678501905346273,4.885178765570076,13.457197838347126,4.872605118316024
2017-03-05,14,9,270,46,24.535878234093172,5.71319977318333,30.97987262977998,1.8056144439838069,18.0802523398653,2.4811211454826263
2017-03-12,32,17,489,8,8.354173025799312,10.360866477824663,38.805827498247716,1.3170079643203305,27.22018980446918,1.3153424551679171
2017-03-19,20,13,695,81,19.7617197184842,13.665865555729226,40.33372532373047,3.7196782424853128,11.075568583439445,1.331668802696648
2017-03-26,28,15,549,19,23.36890507268607,1.8369291093032012,37.26466163160319,3.97124614233286,37.752747857883875,1.38984732501945
2017-04-02,36,16,595,89,4.321619596642108,7.65111409364886,32.513481477935684,2.4485996357340643,26.319652319792965,2.094981085484809
2017-04-09,18,10,580,80,1.8761492567167561,7.971225395532945,15.793151301292658,7.645626041785116,36.105374875638546,2.5109311628711986
2017-04-16,21,12,689,79,24.89803598359626,10.170102220508717,20.34460478570276,7.316784333601924,19.778847838835688,2.435012817088025
2017-04-23,20,10,732,64,8.118171957311581,19.994851453968693,16.095958278368485,1.6940716557338256,36.28249337234273,3.6973230607916343
2017-04-30,30,20,970,77,4.511262391306308,16.8724012094926,10.283542498402229,3.1916011459447553,6.617887749792299,2.42495658579152
2017-05-07,40,20,925,78,14.9631036811863,9.689638674735061,16.004775413135338,8.41275973595131,38.10010617704009,3.8010353129439682
2017-05-14,43,19,707,63,2.762278744453714,15.85788534107374,24.39851372663746,9.30079096084072,36.834891639483104,1.9234245337057785
2017-05-21,19,14,252,23,12.624991286405455,5.2587047624264835,14.579556593158312,1.593150387608742,34.10901103862689,4.024982648705782
2017-05-28,29,13,489,37,23.594581156768474,8.901416188051527,20.959430636585925,2.6941902559119795,14.184851632510016,2.388398053397499
2017-06-04,82,51,994,34,23.92616654370386,17.435355890799634,37.83619258960984,3.9136510507124003,38.10520159911365,2.1197495913823556
2017-06-11,45,34,718,12,5.7716612891179375,3.336171196179528,49.90684482714294,8.909038529458382,22.352933013066043,0.6639355874627756
2017-06-18,103,55,394,85,7.351363952822067,19.45041284631914,32.9363620926667,3.322429421185401,22.952531616778714,3.8609944168578183
2017-06-25,82,52,555,44,15.429188765845929,16.113689191666783,14.109020408651173,6.6421554243766785,12.546178789680882,2.782804698954001
2017-07-02,79,58,367,19,19.13501101627625,2.0091571817733156,23.277870447315888,8.382442820895431,21.936015110465757,2.1951992876759676
2017-07-09,104,56,102,16,8.808791874779853,16.267743316426056,30.45830682753535,4.010211631753809,6.967850126988643,3.1684946212880107
2017-07-16,63,34,512,17,4.996271035997738,10.343561527329394,9.742336228630858,4.238271821347585,30.234685283213985,3.365353387433092
2017-07-23,76,44,428,10,8.070555774046797,2.262758213950117,43.47705682103791,1.0474905802000873,38.65834474637661,0.793990200477906
2017-07-30,35,26,221,80,10.682828671890562,7.413814608092534,6.435954394828086,1.6879930870081128,36.432281449889366,1.770518356870602
2017-08-06,35,23,571,73,11.332187215853393,15.801061161669745,46.69701247409989,6.178383129637012,9.9105945345144,0.7097929570761581
2017-08-13,86,44,263,24,1.4731943519933468,17.60251134554872,19.757387478277806,6.044530153130353,8.285670012597437,1.970297565710473
2017-08-20,55,23,222,78,4.50612207907875,4.764846041790649,40.861391213774226,5.006903546020687,15.825060720364348,3.6393453412845123
2017-08-27,68,48,741,22,18.682999444771824,12.449484250718289,46.52321247890292,5.973120448080642,22.34909150839197,2.412065146750051
2017-09-03,103,47,199,24,17.63951726381018,11.206114447115782,21.396582616119794,4.6934905847754695,34.18940238059024,2.5477027155928487
2017-09-10,38,31,747,8,1.8792975749082164,12.987471742284304,16.400631133653672,9.667497833106019,39.90633875159469,3.836962534577027
2017-09-17,71,37,375,81,7.196046386442807,19.462726732611067,17.73764426164915,4.7340502596753815,26.36898366641214,4.151148477493188
2017-09-24,64,38,490,91,8.234010144615649,12.223269466511386,36.581269032264075,6.966232185287561,27.432182988031066,3.162529841780296
2017-10-01,52,33,857,46,13.478482266797965,3.9113130907882017,33.30086872106234,4.5849934910098895,15.463220636283198,1.6800201996235333
2017-10-08,86,54,714,86,20.69428826908689,11.170210006894283,39.91977950849265,9.135048972224618,14.962658178119185,1.4567551956042408
2017-10-15,84,65,175,93,7.707403684689994,7.576994935226474,39.43122525382248,1.8830092195677435,9.53226618251923,2.746312313953817
2017-10-22,82,47,369,25,13.73707503624798,15.891025525953763,8.199991663028408,8.515936171173454,29.02323020914641,0.29788741908104316
2017-10-29,75,63,223,48,23.071173843631787,10.985775245971011,17.296251230847904,1.5528779008007754,39.847818129284484,3.417597024392804
2017-11-05,22,19,406,11,6.058145749149629,6.504304487557192,33.91489170307531,2.680483478922615,38.59965530396704,4.057002050849259
2017-11-12,18,15,378,85,22.329823441236066,6.328514789828922,17.86765164457281,4.5904284182240565,35.13502083427187,3.4325133823275276
2017-11-19,25,14,677,73,6.914990729676475,15.83913685360698,14.86377571476427,2.910741288847147,11.850964355054547,1.1111148716700914
2017-11-26,18,10,652,96,13.182147829995909,6.078106772893063,23.197995019392664,1.2953460831042336,11.251276755425653,3.6358723381924105
2017-12-03,22,15,301,24,19.749369750960327,15.150826506151569,45.38604084274722,7.770863391310129,23.927726378456263,0.739103401959492
2017-12-10,17,9,146,78,9.236931898673028,8.359405754934999,19.226752952328948,8.1986229007608,19.297645320536283,1.7162301292069526
2017-12-17,25,18,881,27,1.116270571876723,10.545480068115614,19.214269560798122,6.2735128707192205,32.84487445146515,4.080707944773103
2017-12-24,25,13,794,85,4.568381526221103,8.905397550509882,33.083054893520824,4.079841135621477,9.104351165815052,4.188913840972947
2017-12-31,16,12,790,74,21.641341445597433,2.4969557833002347,5.644760410933357,6.151595380488152,26.177852184826406,3.8132983833524516
2018-01-07,21,10,114,75,7.25702920095475,4.829019597939745,38.22077409850105,3.2726163668410195,23.91474228585522,1.1737485770154696
2018-01-14,16,9,897,47,8.689666517438997,5.0143378418068965,9.530313846144303,1.9998981529580213,25.988187101436566,3.8758637133754528
2018-01-21,13,7,298,15,14.199580368016068,18.081709232889526,32.178484120571426,4.701871345747039,38.54628716557805,0.645310125643521
2018-01-28,22,12,153,6,3.481310329289732,10.740223363174586,7.061764780785673,9.051985404639758,34.848006086628104,3.781815083032122
2018-02-04,44,20,537,22,13.031234529031327,16.350290033072067,24.94382897196753,8.23739316847673,15.924698231631163,2.2302182395455117
2018-02-11,35,15,483,99,10.068034341873702,8.589875532632599,39.504092859524384,1.4551906360379228,32.05176372266827,3.540695578031073
2018-02-18,25,15,195,10,5.0266816470919435,8.736274574105163,9.306213451575676,6.437386771444662,34.3916215320463,0.14423130242178495
2018-02-25,26,18,982,18,23.797184567961267,14.774533204076025,14.68350499829969,8.04031317628491,29.48001713616902,1.2995828382304653
2018-03-04,24,10,902,95,23.267918294961074,19.404457649762705,34.519247876499946,1.0559413377549007,31.225632277018743,0.10077420627020689
2018-03-11,26,11,753,94,8.47453652400042,8.20145761516497,25.51686905926698,7.301222518561829,39.41554353152065,2.4931904214385185
2018-03-18,27,20,661,9,16.883679803094996,9.848561210009256,44.98126747840254,9.709146321333874,5.124018926941806,3.3145837676095034
2018-03-25,23,13,518,13,6.622801226522211,4.561570706633919,14.78962793419811,1.0066556956590031,19.01134337909135,1.896702637231814
2018-04-01,25,13,350,92,6.444319621079041,16.868117786257535,15.017181952800522,6.90109418231633,38.064424331655076,1.1341992629692272
2018-04-08,26,15,514,32,6.908786085009141,12.537422279865362,48.38096833937358,6.656418193840952,20.0437426341188,3.5782964988669446
2018-04-15,22,14,103,82,23.645999219033833,18.570485716448022,43.90465953935317,9.671923193857953,17.449267396564984,3.7092395228124313
2018-04-22,43,24,833,71,23.524778127430867,12.050538186980276,29.51350402817882,4.7775822019017555,25.578165625992668,0.6899196782093933
2018-04-29,34,22,189,79,15.681113742592773,11.392527018381607,10.735947827155938,9.310209306865566,6.476518450747246,2.57504804848846
2018-05-06,26,17,670,70,9.91013467810496,13.587595873156058,42.10675666609168,5.141050829695371,18.99868850852314,3.9000513144755082
2018-05-13,37,16,742,37,5.518519979043472,4.493795330915952,11.318232401005618,1.4048915018386792,11.247300716647032,4.267487995620735
2018-05-20,22,13,304,35,13.444453418471234,14.832272776037762,28.148147114136812,3.639696909723529,6.812234052860241,2.7504536006328966
2018-05-27,30,24,315,55,15.499466036696447,10.542323740162258,27.341682168632094,1.325065646746117,28.21007372960017,4.254579012398617
2018-06-03,102,60,452,47,10.554412880569782,12.205539286784628,26.221448958480202,7.4176959424621485,27.18658415758457,0.9784233120654467
2018-06-10,65,46,671,25,12.914984145514147,18.036207398546438,6.773705215256416,1.794164194911653,31.38503308301745,2.607831333621939
2018-06-17,38,28,261,83,21.955579485671493,10.053960007606706,29.13709549745866,2.1345956919105786,19.54418260424273,0.3835823515896116
2018-06-24,58,47,211,17,4.5448994599896695,9.879274351486918,48.414273251965774,1.2963563558345585,16.523185693959025,1.5905479851238495
2018-07-01,94,58,711,59,8.799795752100254,4.731233915255723,27.68251853909467,3.790515143308404,8.359432080557033,4.198083492893457
2018-07-08,70,37,526,85,8.968144959683588,14.713017039158013,49.150298111833585,7.985748038053547,14.67447933567394,1.5033931402561258
2018-07-15,42,21,755,95,16.2764768303242,4.836049941949406,38.88551220077545,1.1403725935545084,8.581651526392438,0.48836077175665915
2018-07-22,49,30,806,32,16.85473166946205,1.123046749584836,40.806015398429395,5.927012410383422,10.477289818515011,0.3718598894043853
2018-07-29,83,61,323,60,18.26115700508847,7.050804007167965,34.65464640261955,7.130504973798155,6.780036371124029,0.17757409312524666
2018-08-05,51,42,345,61,12.83432976868882,7.689353439335233,24.60392993470012,9.231927397109356,13.263751787673048,4.285151934875453
2018-08-12,64,28,633,99,13.21012169939548,2.4310088660750493,10.26278435330413,5.277851437070281,15.71186302509983,1.705140341594253
2018-08-19,73,42,814,35,21.01975739875452,2.911087358037819,28.191967149451067,5.523867498457142,8.464258758622243,2.0010250704968575
2018-08-26,91,49,449,61,6.365175673418129,2.0991180772262252,10.284963391541217,2.8320272037609344,25.972208759028486,2.2657469576981644
2018-09-02,74,38,757,98,10.690363797774705,2.736807516287184,18.04611242661119,7.724910213194372,17.01586462912309,3.8071450906041946
2018-09-09,46,28,898,87,2.2876799091617857,17.727242262037148,12.813423723008325,4.6255001293497795,38.72482681248339,0.22567237303708723
2018-09-16,76,57,225,48,10.250001908055378,12.63075506244198,43.69858893603156,2.724199027336484,9.563199282280525,4.3756585142447175
2018-09-23,83,42,627,94,19.006856013499846,15.925493936246323,29.93808266408578,8.140831016783224,6.235619662656334,4.9011186006829774
2018-09-30,111,65,465,50,10.507599894299805,15.978652037694175,25.537819722375744,1.588599839121116,26.947497097383703,1.4736418385959933
2018-10-07,64,46,769,64,9.966984778860532,2.5334193602109094,6.327019367250154,7.358773031827343,39.57013464782684,3.4557253276880395
2018-10-14,39,22,737,70,7.2998402856445885,8.425648662152957,32.03741062462397,5.542227854444507,28.62459317126738,3.2206126086390103
2018-10-21,78,44,986,50,5.673580845123285,14.68136790895632,34.852786027592344,1.7167071598351917,9.635298652254958,0.6350152635374263
2018-10-28,40,21,874,40,6.071914553777144,10.549919677880434,14.63397779419351,5.049283856895154,6.32300104729742,3.6201313853467187
2018-11-04,18,11,792,27,20.082342908207078,19.508311259636635,16.231178560423242,6.887158125030567,32.66147516231217,0.8338625068913131
2018-11-11,17,13,613,84,5.49091650945554,8.530900803701694,6.7544562396914465,1.4798759157355046,5.418136391484769,0.5829343873561855
2018-11-18,26,17,544,70,22.076098078337512,13.746167316363472,12.019030419463023,8.287452060271539,25.28533932502987,1.2832283974588057
2018-11-25,28,15,541,88,4.836009439939655,3.1906752928820232,16.800193676608714,6.48983435685904,27.19845153419181,0.18906134680033312
2018-12-02,13,6,919,31,8.45001790839759,3.113889832204141,42.82743049315913,9.49442410600891,18.192325986059963,0.30991042851669637
2018-12-09,21,15,475,35,3.4407969131743386,2.051447423601253,34.34671035595726,5.598601188363894,11.506523553721795,3.668175831698698
2018-12-16,16,9,763,50,10.977639103280064,9.300719424205537,42.44567114163087,4.527313369010422,17.718422192552488,3.9335741398922797
2018-12-23,17,11,195,19,22.45814447053408,16.896361653562238,26.105704830766125,4.678490204842323,24.233078265955285,3.8866431065116567
2018-12-30,21,13,371,37,20.96839231506936,2.1025790905537587,34.676984796266055,4.941644347863349,23.184687570943964,3.3940925820476533
2019-01-06,18,8,647,45,5.4765490777854495,16.385188021881035,15.092602474332875,8.994157245444711,30.539251704916808,4.34145784956733
2019-01-13,25,14,198,50,18.723444895353776,11.199955167300992,18.164483819727096,9.87055233880226,31.94518069696164,4.274479449293962
2019-01-20,17,12,353,97,12.437290375480092,3.8932458384533755,6.641141509086678,6.91369434108315,23.62007639829768,3.741122043257941
2019-01-27,17,8,466,67,21.099290995129827,8.965573208523116,21.33061753859079,3.2755328663154604,27.599706723515798,4.628614381921401
2019-02-03,18,10,273,69,17.01655631285853,3.884287716464417,23.167203609982874,3.565348937206943,14.951704746480463,1.8068318145046558
2019-02-10,37,16,378,43,21.878340639848332,14.48206545859119,29.23916306695134,2.068775336871181,5.208789433253155,4.615458325917757
2019-02-17,24,12,113,58,14.935972976841104,18.12896459994214,35.129923604304906,2.681576442881894,12.77929137261621,2.8032062859056803
2019-02-24,18,11,214,26,16.903729943830086,10.08354584266809,20.739014411770135,3.1283817802068823,21.688497544795617,3.359172677433951
2019-03-03,39,18,465,23,4.375689589099282,10.919670552863115,28.34255767633211,9.409397606516974,26.797894375840546,2.1362803252315183
2019-03-10,23,18,478,7,24.492365625525217,6.061555551283592,15.316996701882388,4.915340385071204,26.54042125776514,1.375126517633848
2019-03-17,34,21,105,16,22.629273192333287,18.379111197759602,41.777434764290184,1.8553640040854003,28.33790742347493,0.34729091349687496
2019-03-24,31,18,160,13,17.063547774236856,16.559825409980988,19.550979752739693,9.318015595395003,33.69764189771094,3.136055590076868
2019-03-31,28,23,366,60,2.4518285996578326,4.687408708165736,12.806445024765292,2.7488058998978833,9.36280155253763,2.277938099816419
2019-04-07,38,18,447,21,6.64246640047455,16.975220328252966,41.68954709178288,1.0327909156753914,19.703360471274554,3.167888832498196
2019-04-14,34,21,332,73,4.224978395097246,8.508406061809783,23.666146951178863,5.546481443681377,20.07345650723745,2.373338084585006
2019-04-21,35,20,877,89,5.235437619358267,3.0472849185972333,25.90290295311295,6.177298490111655,22.876623353048064,4.13643714570761
2019-04-28,24,11,827,5,6.895782395483158,2.7653291594967575,22.331428651163957,4.935538980940823,15.40589545177105,2.9808497334005724
2019-05-05,39,17,247,77,24.795231127870633,16.184952295826477,45.69733129363683,3.3025239325982105,12.739574849152902,4.972743702338407
2019-05-12,25,13,497,41,16.14983068482082,4.903338021925887,31.257708228462647,3.516252424462075,24.575967671710465,1.6730993652987523
2019-05-19,33,26,146,68,15.115100439525893,3.925238733844504,37.3309139899219,9.951394742673582,34.967924952097974,1.5715651913416187
2019-05-26,31,20,658,62,4.542380045656515,19.066131663481485,9.14009496051542,1.6673129575531935,32.26222698280114,2.1707721037722356
2019-06-02,110,54,605,16,2.1240738721683092,2.071771747249348,45.558968568359305,5.33688557640011,16.1737635457554,1.7578395440308159
2019-06-09,47,27,690,89,21.34428464724713,7.593525936477413,6.617835014746184,4.67944395292407,14.313025321827977,4.224693401027395
2019-06-16,63,30,998,95,18.01008732720531,3.019616173586526,20.121583999034442,8.067682436061581,33.803101362804526,0.373967332614198
2019-06-23,59,32,381,48,12.473567661855549,13.24427543707122,27.40095318990054,7.356724481126661,17.825711139690654,0.4663039722723905
2019-06-30,59,36,675,24,10.065539904518767,6.226974925563365,32.39537555596932,9.650846461418578,17.650002138939385,4.223808622557659
2019-07-07,83,43,176,58,17.469626306936686,5.987482154460661,49.78564072701363,5.017560225403329,26.194011413538565,3.4567281146301756
2019-07-14,78,45,161,18,12.967860971533359,8.469841966254682,33.932539801010634,9.98761398083668,29.43997611351631,1.0412580239145202
2019-07-21,85,57,877,29,13.74808921241685,4.198198498686385,13.753833045810852,5.8460332607203,9.357835440662203,1.3496221814617053
2019-07-28,105,63,193,93,3.957670115366051,14.946523868058907,16.138831803128944,9.597265740851961,21.13714788673681,4.508842444289473
2019-08-04,100,43,944,51,8.732688368900686,4.003776915755218,18.56282876143915,5.50425869442932,12.240560441435598,2.062418979370889
2019-08-11,57,29,508,22,12.090192275459316,15.15057593936793,34.92949628341273,1.6688683813684198,38.60690087481419,4.5764482160099105
2019-08-18,65,36,894,67,24.45853110764377,7.427310030874285,25.810410963112485,5.498830285525218,23.12246232158532,4.967077292525643
2019-08-25,89,38,947,47,15.822568106969118,2.4669527702666016,43.47372353097056,7.212132124974521,6.015504394556802,4.704938192454186
2019-09-01,99,60,955,72,14.244688023830838,9.983562132752507,23.874554497721636,9.579573957587813,18.786536840776982,0.9232802399573748
2019-09-08,91,42,399,26,18.313657826667868,17.098784504381403,9.778217538977383,7.445638788677053,27.068674525695453,4.765630817160114
2019-09-15,96,46,178,54,24.770638679663584,6.895930128634829,12.198368160871418,6.757307878846688,14.716961531794748,0.5019408867722672
2019-09-22,38,32,773,46,22.73134112347899,6.334895018079105,40.03252060676673,5.599492046594657,28.52259222797268,0.18419843294854796
2019-09-29,102,51,561,53,1.428853231868639,5.191749676766897,20.454228866926844,3.7320513244407465,31.311463470309878,2.2295095733770074
2019-10-06,68,48,174,34,19.64112811854831,3.1241367632000356,8.113819620470608,8.787578844478283,26.339611544246033,1.9342593424106527
2019-10-13,107,54,391,12,22.892579825619265,2.2205207198488472,41.514954852439466,9.591877046014137,26.199327650020024,1.7182281266824015
2019-10-20,88,42,905,39,11.385265413373357,18.471421201329807,39.49659214402889,8.016791142796492,33.75518303140173,0.8965937139734895
2019-10-27,82,58,817,49,12.254047897136292,15.922121408872954,23.94045724760274,9.835753259785838,17.418709478880466,1.416382944727002
2019-11-03,21,15,248,32,2.9280106267168726,7.360723059673831,12.114988117907988,4.194737062997043,24.98595266902371,4.150014725823149
2019-11-10,22,14,577,16,9.847783864632692,2.6708940633855267,11.98671602023559,8.134234648148649,38.91856599120577,1.1921013409249277
2019-11-17,22,15,122,19,3.6960689546378704,19.981070673858227,49.21008753084355,4.176347127253104,39.9731938992407,3.2673098010117974
2019-11-24,15,10,735,32,15.325040338838836,17.137444042771186,27.452577205924257,4.959210091153113,21.17716093498516,4.581867023217435
2019-12-01,27,12,744,8,3.3675685808540754,16.12588965491807,15.764235301889226,5.8399145380427315,33.19885281748714,2.6969811174277
2019-12-08,19,11,177,9,21.542959699633784,7.242285349950121,23.02316682979209,3.6355248611185242,11.231609974567785,1.786228024810444
2019-12-15,21,12,797,23,17.370142101509824,18.054494265101386,47.18294401788934,3.627632138184839,21.261878358962125,2.430251203058996
2019-12-22,12,6,982,51,12.771932588575764,17.523258322352223,14.169921801299973,9.150968458733814,18.599773718332195,0.8922366596017465
2019-12-29,20,13,963,95,4.084620927811542,13.781671130773967,9.92549524567503,9.42894552812975,25.76036374900815,1.9355762107115908
2020-01-05,15,9,631,8,9.993899336021812,10.61651055757819,9.721495699808523,8.94447762397453,30.610679061198972,0.8719079236334407
2020-01-12,21,12,715,24,2.2525277208476266,7.318711962136376,39.64594296602763,5.966995251932041,13.271693867235097,1.2512475532169864
2020-01-19,26,15,564,12,8.242063903266304,12.598156852121013,10.525890903887957,5.158597334965668,28.029359708896546,2.5035056219800556
2020-01-26,24,20,978,98,17.3158919529565,15.24202086336612,34.54173594322971,2.2846560168706636,23.189342511842327,2.510969367163609
2020-02-02,15,10,406,26,18.25214357597581,13.085248924379881,15.59505584670022,3.6149755843307276,27.582078305558166,1.1611028717070473
2020-02-09,16,10,665,81,8.956868743836354,5.935925748793276,34.22424803116186,8.256031023321528,16.557232818290256,0.4920269454739884
2020-02-16,17,12,228,38,6.42399393409775,14.073636194202074,26.432913751985993,7.755811920879155,20.709347461692523,1.8365852484723078
2020-02-23,18,14,997,51,7.7162130450167465,11.38431754887527,7.151604724790046,5.625956586634499,18.034769748382274,3.858774586077122
2020-03-01,28,21,459,41,16.22599240266105,19.213420416222103,42.771182605934484,2.6365478108124836,36.189650669204276,4.2016872067366
2020-03-08,19,14,816,55,5.726683353854864,12.733978902006788,5.170562626902052,4.237129031918095,22.57780481330548,4.861394557261412
2020-03-15,29,17,711,75,5.518590581829995,19.838206858474738,8.016593171104024,4.069478610175159,31.190753417536676,3.8447059945028164
2020-03-22,20,10,435,60,7.997800688142544,13.984540906530851,8.48534255607472,5.214702505372234,28.479553635009896,1.0598041222921426
2020-03-29,22,15,437,25,5.94928374857579,14.490539807100195,37.11324746616957,1.606354913667932,12.311524180042984,3.8352905304128684
2020-04-05,16,12,617,51,4.515599834450521,15.984315880419931,36.02845285827283,3.4439582220516014,31.532170112329084,3.520396611241789
2020-04-12,40,26,412,25,5.964871815155217,4.921423831204155,17.054665232908675,6.859946180844271,19.43268734151546,3.646360499472155
2020-04-19,15,10,346,23,24.390483020707457,17.342329908026517,11.803462062280655,9.257653430282048,32.80205269439868,0.20010452859829997
2020-04-26,25,10,594,27,6.461428137564771,8.113498793275038,13.676381526602814,6.5207498175296355,27.29694840090512,0.3605974651482049
2020-05-03,20,10,591,87,18.14265725476367,9.54534049534374,46.37548069706597,3.533298563972399,9.759348221538623,4.356306229585659
2020-05-10,43,25,354,53,1.4233017981975475,17.791360671038166,36.540907706362866,6.167921424993206,16.72888851178144,4.080827215258375
2020-05-17,35,21,538,98,21.807403337927127,15.240016947249687,17.736734359198234,4.337173138993322,29.341285644231245,0.5662869261087847
2020-05-24,25,17,126,60,16.623897032042205,2.5448607773683345,5.558081065013206,5.0184830752286596,13.096534307270161,3.5640775339266675
2020-05-31,29,14,677,42,19.263193391811335,7.874412851553325,19.284245814732955,6.3361356029046725,35.34649835539115,3.545154052609694
2020-06-07,111,53,703,63,2.020607505683782,6.560383636849271,31.568327229537537,4.83966027378577,38.19617305749757,2.9334945258454037
2020-06-14,51,27,303,76,16.008352232216687,18.015497193298618,20.1286059535972,9.03111906146141,31.031886564336936,0.2758872590692497
2020-06-21,70,42,169,66,12.892900182990102,16.9273747283085,35.87795667785788,7.373531415717513,31.856427169249297,0.9177172165608115
2020-06-28,92,40,413,88,20.682605643241196,17.220451798204728,7.8875411338505375,9.027486084437772,11.22702005648259,2.8503296422165496
2020-07-05,63,31,828,37,8.399631437025032,8.742014223239746,14.782486373879301,2.062313692761994,8.69314732075592,2.2464285670674147
2020-07-12,107,70,809,14,9.860004356100244,10.738075187248661,22.115759749012675,1.8411129729600648,8.51675238842633,1.2186946444379152
2020-07-19,69,48,418,15,16.335197575997213,3.558585014936249,25.7940277211762,6.374275594543125,36.788147154307865,4.08648676943578
2020-07-26,108,64,516,19,12.33586290464727,17.15557479944437,41.052024175336754,1.4144412279807383,36.547106181276966,1.4559514603230572
2020-08-02,72,40,174,56,10.321138361855162,5.580479984532383,15.096915994317804,2.843091444842301,21.68041332072631,0.6954702266580808
2020-08-09,74,52,656,43,1.913016053875383,18.946578717138532,32.0274057934087,7.467677568432437,9.787713632201177,1.5062980420489542
2020-08-16,74,31,764,74,22.857206169139438,2.4099558623823523,49.10314805952093,3.9018049902206604,26.14679711701371,0.11316861488979682
2020-08-23,45,26,760,20,13.383966387363838,10.327516434416472,38.525704673600174,7.891166136942242,9.131063175097442,3.4073395699808398
2020-08-30,80,66,645,79,7.980519093999117,12.45328481478418,9.06600170854211,4.2817069360766435,20.153903615542994,3.8233674935045974
2020-09-06,76,40,858,79,4.594244503824732,13.924287037256825,14.404173260292884,9.225426556691616,14.93177819847986,1.4908994964686153
2020-09-13,48,27,983,11,5.150454226464856,18.55516741425272,31.656844760316936,2.9791807564407167,12.313502020030882,3.114011632570993
2020-09-20,55,27,395,52,22.323691836459854,14.93320711840368,37.95419492630068,9.88955791434018,28.385608001491924,4.703095181392438
2020-09-27,38,24,101,22,19.629623801769576,16.62664749733866,30.588014481366006,9.423199266563293,38.223164531678414,3.2340394995841457
2020-10-04,66,41,428,8,15.937835002588963,12.856513504033131,8.267790851525787,2.1763974427887245,28.064672787153935,1.105744579166027
2020-10-11,55,34,864,15,17.459423229270985,11.438764536488545,38.57641687177,8.384430019462409,5.709196420577355,1.7177547123680803
2020-10-18,86,67,589,71,11.919980465844167,19.702328865246212,13.06812956401965,1.7645303655545503,11.286326853357913,0.1699722175424338
2020-10-25,66,46,215,63,20.213534524836884,11.414080595247835,16.36199728704906,3.5185953957701597,31.38765496092106,1.5148070619579954
2020-11-01,24,16,961,79,13.295209686502885,7.307847277629672,32.66297084862531,7.069067484742648,10.14720310027893,3.460048238377754
2020-11-08,17,7,791,23,10.626318558700167,16.437861238379845,15.211397113435872,7.583417893051674,31.84885032631648,3.3721629396063006
2020-11-15,28,17,469,26,9.206038284687345,16.327789994524093,34.269709375705105,6.4546274761066575,14.516779546707935,4.201554592372595
2020-11-22,22,13,253,20,10.249058987933918,3.3314807652646077,15.499354835708747,5.292891977087319,8.709027771293487,0.12448762031725084
2020-11-29,30,16,642,45,4.0687046915548,2.9472245977216707,34.20541957005293,1.7371480510369581,13.164918410981613,4.766315008733188
2020-12-06,12,7,282,75,23.989407138959738,15.865081714021436,31.560308094529976,1.6384466522569103,25.105188185541945,2.790011903659622
2020-12-13,17,11,334,81,21.810060310073823,14.770423441539169,27.902385808096632,1.3128930622517347,19.500582468679585,0.5684445118072571
2020-12-20,16,10,559,92,17.407553303812303,13.485880109318735,46.79215419508535,3.764155469676154,6.518539346398285,3.640074400238738
2020-12-27,13,8,818,44,11.746958476385306,5.338437501221707,7.257789588026655,8.324990809361115,32.01823755937391,4.000006609059674
2021-01-03,30,16,741,94,3.930910803095701,7.399718566442472,42.968609148422985,1.0304409439493893,23.325526314584923,2.5720410563810465
2021-01-10,25,19,653,40,5.371208721305055,6.526281705397409,30.189417902783727,5.175217667640004,23.67323506643435,2.9096573184120946
2021-01-17,19,8,522,99,14.51473415680561,3.3624971359957794,17.48104914535576,1.9432843258127757,34.829327329831294,3.3502464648629657
2021-01-24,13,8,704,99,13.895773880468482,11.686690959144233,36.39368766689546,9.592933322823956,5.492336918075814,4.190354695653213
2021-01-31,25,16,896,35,9.72198036071503,7.6712029714652274,33.61521011740925,8.197758125185686,31.109234154405808,4.328235318908346
2021-02-07,24,16,944,36,7.62571403460521,4.575107842747829,10.054622593358154,6.7999695871920665,25.586854228354174,4.574331584186761
2021-02-14,39,23,485,37,23.70386300906663,7.970726766435134,7.529857294645074,1.3381319303505543,6.102149517085199,1.74419272621486
2021-02-21,16,9,964,25,14.555863078971468,16.89217059661302,40.885947145900296,8.138196108320189,11.71703910379036,0.5215559681159782
2021-02-28,33,20,829,97,4.117156193320812,4.555131519389471,36.01398975705231,3.675489194515058,14.708032199298884,4.402669945646046
2021-03-07,33,16,417,78,3.1858605898361168,17.642375655638087,37.15149652950257,4.71829216881986,30.055809333966028,2.3284823781219663
2021-03-14,37,17,204,49,6.086314699284591,8.82159267094902,45.69992432314885,4.0610042177255945,32.21721048860097,0.3180311374327098
2021-03-21,34,19,456,56,12.338727338905432,12.841023490176646,19.8398746071302,2.4374139645793202,38.709011736039585,4.637900667429259
2021-03-28,15,9,427,39,15.466381368219945,8.085355756211978,29.92926578786316,8.724306189788877,14.666362898966112,3.018316114872043
2021-04-04,25,13,836,53,13.073586809408368,14.941447528088705,37.46799911087988,9.212348460546432,12.889643095693184,1.2164077988853663
2021-04-11,33,20,563,66,11.656604452959925,2.965613823274897,38.01395017206698,4.346177126490712,25.694821038917016,0.4438960270089014
2021-04-18,38,17,192,38,22.302543658321007,15.622107533085186,49.57372508968302,8.284270242748711,31.63219131224066,1.1485669495594044
2021-04-25,28,13,983,66,13.319630467999557,7.840010628346761,35.31186290209298,7.1529221738826125,25.04215836860885,3.4164256901504744
2021-05-02,32,20,692,66,22.897095931631767,16.09469782283131,6.358863467656635,4.390856899415003,35.52491561806518,2.028792633036182
2021-05-09,32,23,238,72,19.62425717000364,15.326564393815117,9.659519166434524,4.728563826375271,19.613582469401006,4.698538215813742
2021-05-16,23,18,493,58,1.4928818858864972,16.189441640882517,40.966531694339395,8.953617452129702,22.972213198758435,3.533769996154656
2021-05-23,20,9,730,13,22.59681010043057,15.050338743406115,17.996744755240478,5.707998173799426,21.852713684311997,1.740326942450846
2021-05-30,27,16,357,63,23.888921676803125,2.3957622878497538,18.00662741935411,4.745950828061937,32.19450833295224,4.870385447426049
2021-06-06,66,41,694,76,16.340078372094656,9.219824451747044,28.652964646183282,5.929809331160739,5.302716700237487,0.3799856059344251
2021-06-13,99,54,355,90,15.060065753504174,10.060125854653416,34.585834727580604,4.459140493281099,5.52311087949931,1.8816267140618912
2021-06-20,57,31,801,97,8.118469653074499,14.651939114375898,40.98161086786733,1.278287338250359,27.18400928546943,2.6609788293545726
2021-06-27,75,43,631,23,22.616183878348586,8.172036381551049,31.048393375422584,7.105652635380354,13.687336315961376,2.559369968033024
2021-07-04,61,32,450,92,16.49322120651701,15.080598279269172,35.78453092052386,8.908269070121246,10.839809184208839,2.4579297314994757
2021-07-11,79,46,215,26,19.65189738008124,4.58774554300343,10.479201259207967,9.510112693964754,35.823890353316386,0.39800032450155776
2021-07-18,61,29,116,32,5.729700234416262,3.805828343606536,21.72869740990074,8.71371198115099,25.51598717501723,4.0153673196737305
2021-07-25,66,44,602,60,21.975556740245068,17.754083018946922,26.687097932713787,5.24321407379002,8.692086993515275,0.6793619472282184
2021-08-01,102,54,308,32,2.500833359815976,11.091421063712874,34.210958599444325,8.376415527361605,7.52465000412786,4.97547584545216
2021-08-08,62,34,775,43,2.315921532072198,1.1726673036187283,40.88296203893098,3.439099366947663,28.85780013682389,2.782682831654502
2021-08-15,64,33,531,86,21.7129345780253,7.200720225859497,42.95438421589017,8.046789427678258,37.27843928757039,1.6638046054584616
2021-08-22,78,54,484,13,19.120715277920272,7.971638120403685,11.27799200082567,6.6357367922505945,30.456710564678094,2.7696503253679543
2021-08-29,96,65,330,76,1.7070521641303307,3.8122724690900434,48.308490798930116,8.751332296656273,20.52093169320115,2.1465980484247917
2021-09-05,78,45,456,74,6.741753329883493,12.648020513816071,31.30066552401813,6.045808152745542,28.0496839083054,0.9880202433138934
2021-09-12,112,50,732,75,19.621453508294763,11.368374126892284,19.16615298141535,7.77375521755195,22.01317427064311,3.6985933460838987
2021-09-19,88,42,185,6,17.274417329838542,4.008113118020955,14.527700886414655,2.266613537096842,24.728253810718282,1.8030630763951287
2021-09-26,51,37,181,74,20.22835485267843,11.180597776786442,5.006800655938848,8.329084976418624,16.64728268550229,2.7592093923535415
2021-10-03,51,31,608,81,12.693223642212004,6.04307102504515,25.13399930999808,8.225945643007691,8.219434928926269,3.6413607131614407
2021-10-10,71,34,425,7,4.3029649888428825,8.4062723505514,6.071101122549076,8.93405416811133,6.170325739876091,1.6337281308099623
2021-10-17,70,43,463,9,14.77337200524694,15.87375451456679,11.84201969799351,1.2708965228556837,27.071563048344522,0.2533118092461532
2021-10-24,47,27,473,51,2.3678154756004224,17.760813342939024,39.49232190424016,5.002740441557746,8.896019358718615,2.3057997104690027
2021-10-31,38,26,219,25,12.101423632836713,11.745789969900073,14.723342700445555,9.617377194883373,13.877773146831624,2.593016503392322
2021-11-07,20,9,105,67,15.614846791429821,10.58864218654563,47.18309767703642,4.834010665500681,28.66880854332315,3.2230975391191063
2021-11-14,11,9,642,72,4.602536700090613,11.79261295527835,21.9734635227016,4.931429345319268,24.37990497518757,4.435122105982781
2021-11-21,20,13,277,97,4.6415252703975245,5.806842614996629,41.93515450796325,5.886998799100104,39.87890014259136,4.917769554235914
2021-11-28,13,11,490,99,2.603970158257722,18.199294236523713,23.672721837839443,8.33483447817026,9.726617678244024,1.3722672218297371
2021-12-05,18,11,818,88,9.37315019666655,5.496998043326882,17.36601126962931,6.184388233215805,17.155696470198627,0.3924679220807651
2021-12-12,11,5,967,58,2.082431502049663,3.537725145324408,40.291094420882544,6.833226973262526,37.01774887970492,0.13613356207524233
2021-12-19,27,19,723,62,9.66246839871158,10.690122550039348,25.146001755756377,1.6333269402358723,24.26848856884578,2.4797960728328805
2021-12-26,9,5,344,32,8.786611540947305,12.222366723779725,33.805566650211546,1.7520609838182897,14.723490356127062,1.7314499585084349
2022-01-02,23,17,560,67,19.472097729022416,18.232617985875457,11.92483896993668,2.7821291414402762,30.826381767055043,2.5752566763961897
2022-01-09,29,18,289,79,14.485716692587324,10.31817978913143,36.833869062549354,2.495467473591968,25.51650349695882,4.859472868818872
2022-01-16,23,12,287,89,14.790006873167492,1.5039220443368633,17.285354418794284,6.731839326843083,38.96185922134221,3.1084607071814467
2022-01-23,19,15,406,27,8.126189301451369,17.200772091448037,15.95984597117983,3.4176963018974242,25.91649153199324,0.8206628945016299
2022-01-30,23,12,575,20,15.707879827242825,4.797446302424434,28.530432984611824,1.043510669081979,34.50777976993304,0.6719305395564585
2022-02-06,17,11,517,81,18.036778883302965,7.309894110611732,40.317337397029476,4.744938780708078,7.916830605557607,4.59124457775376
2022-02-13,36,23,876,58,20.80741610717027,10.85274910004528,37.162434572736515,9.917806909064199,28.054370966667168,2.400418677469703
2022-02-20,26,14,546,31,4.295482383319266,15.467024384877915,38.85349120264384,3.9294405508134127,33.613994178354076,4.234660219779759
2022-02-27,30,16,290,54,5.985502734409551,18.65527073673173,46.262798687426425,4.177565630451171,20.62760205127762,2.9670225416565894
2022-03-06,17,11,784,43,12.369234058522071,6.706463949570715,32.13855593768803,9.736274706650063,20.36806477003047,0.941490433637377
2022-03-13,24,17,424,83,19.41812718578002,10.681035248324882,40.91045339248194,1.711038843541684,23.358878675412033,1.1955282370889209
2022-03-20,18,11,311,60,16.69819405902183,14.5415395365527,7.14631002714736,5.0942070002485185,34.7565725926261,1.332482733471771
2022-03-27,35,17,466,96,8.668652353033446,4.736886264282317,10.88465924680387,4.955154109607416,24.170129376966077,2.650139650437962
2022-04-03,19,15,613,40,6.59926649859455,11.217894340584152,19.850772367404637,3.2818791421530893,16.35621931674579,1.457043481715847
2022-04-10,15,12,516,32,10.239471123666457,7.110777208505512,24.719192380998347,9.679377833805207,38.35000778485361,0.6411695200158163
2022-04-17,38,20,525,80,20.22606181512858,17.568882537249902,38.24021239404407,7.0805789364153995,24.35871614746058,3.162259501527382
2022-04-24,26,16,703,93,23.976518611604686,9.95732230810053,16.71245899805367,8.479961309884956,32.13395221531586,0.49760535249849835
2022-05-01,34,24,795,79,15.268651596273177,1.3738828801322427,10.563490126046142,1.3939359129798654,16.46598411119298,2.6289933686162303
2022-05-08,19,10,735,64,24.470777555587564,15.142665763722754,12.25768121896258,2.461321807270754,35.65975096816406,4.856263335960999
2022-05-15,32,23,484,84,13.75181834802967,3.5057835408746634,46.03422533351163,1.8897627991237473,25.45805874281732,3.692979549913367
2022-05-22,13,10,982,14,9.36245602514468,8.982004102254962,13.148972097306743,2.5467151314980514,39.695983419172556,3.7104367906337035
2022-05-29,22,15,114,93,9.972753320589463,18.609380163765564,45.841401373575785,9.627034756106475,38.346685643330616,0.22593688339716025
2022-06-05,77,58,741,48,24.74584886369587,7.895585034500631,13.259058623434601,4.061786856486637,8.532475447046128,4.152765353342306
2022-06-12,79,42,381,22,16.554919641684748,2.512608229113359,21.82165322421473,2.0344771438141476,18.77327957907244,2.7955644846141787
2022-06-19,75,32,926,50,6.519753421855433,10.650498049605421,29.79891573108042,1.8035421750476912,13.053837977603456,0.7456671061242491
2022-06-26,73,52,884,46,9.872629428629086,10.01780968557841,43.05650262200846,7.049176782443283,33.694835746092394,1.1308166026209472
2022-07-03,88,41,807,82,6.622809845097949,3.6739221816724776,47.051469520377026,2.4101440376389056,32.7514821585242,1.4048956095827632
2022-07-10,78,46,636,70,1.0246360745793037,11.505776826225219,34.64017062881944,9.8925558864337,21.87761274606245,3.8688162615973916
2022-07-17,46,28,767,93,23.294924789424165,6.4547223547336605,22.159123532917718,5.023468042562061,34.678666924189244,2.7737341057237175
2022-07-24,47,27,444,63,4.022684520083992,12.02377318016587,13.33300306933073,6.778164153904404,20.569964856079952,4.043669884479099
2022-07-31,46,34,641,87,8.680099059368338,16.76455108631812,35.809100686683514,3.1389781725388746,38.60096463385152,0.9032762797986631
2022-08-07,67,40,243,22,4.899712914962694,8.600522439571375,9.438097330138106,4.571784229012721,20.13799141205901,2.421231337295067
2022-08-14,44,31,534,34,19.645618810638563,19.149870316016077,20.182601522109024,9.896698073366696,35.8142027012327,0.40519652342726864
2022-08-21,96,51,333,43,15.60264337986878,13.347184840190396,44.7831096978799,8.733145510890008,5.259161557926185,4.194816287089046
2022-08-28,50,31,937,21,5.530454410649873,11.877909368430712,31.657706905072654,2.6248077153378357,10.199309750641916,2.004811540365308
2022-09-04,37,22,401,12,22.098344022595377,3.7127332879199884,8.199762251856068,6.509735885653731,8.246806026452283,2.7270786748057962
2022-09-11,102,52,909,37,10.652351093045135,4.8194221417293015,18.156066234524232,9.876848125661471,33.2094071212909,1.015167873035337
2022-09-18,67,44,660,76,23.539550749922082,7.522878055043744,47.644582298089425,5.9257088859852125,32.48983850077192,3.7061831416856044
2022-09-25,71,41,177,41,14.630102442127011,12.774529231493768,41.96099950634352,6.254113632006007,35.336992982279384,0.9364270725640269
2022-10-02,57,28,577,84,3.58072337818348,11.58796311979998,21.959622970341783,2.1536710711713365,37.3780163440079,2.678915702379405
2022-10-09,109,56,259,52,19.19465940129153,3.1320384034154896,43.47435673184685,5.982117535465362,17.55687727772027,0.8470999698135688
2022-10-16,83,49,147,24,21.74227078408579,18.097395263846472,26.633704983466593,3.3503849926510276,17.927940680995654,4.4578732970687245
2022-10-23,70,41,108,95,7.692446547607761,2.845080051491641,37.04488756031097,2.7081752010634803,30.829431276106266,4.100238056945683
2022-10-30,61,44,808,36,11.218961311147403,17.44076067983894,44.413508718005964,8.280693104862882,25.78969065077692,2.542363163621904
2022-11-06,31,15,383,12,19.00562128323785,19.025264807269153,12.946029272840619,7.838653384586522,13.927213960811216,2.0113179141012782
2022-11-13,19,11,979,41,6.353349028839708,2.621779810083543,21.5339835791996,8.627280454623897,19.735305384642587,3.4537327258339903
2022-11-20,25,12,757,52,12.046595723161095,7.6432300263622865,44.18325799495672,9.230097350519719,14.165609906270669,2.539575512514245
2022-11-27,16,10,746,65,24.305276135902567,17.162216258428273,12.313726821940492,6.164827367476801,14.764650727034251,3.1021778157971918
2022-12-04,12,6,716,60,17.024209213144857,1.390394465600707,43.38288372162259,9.874728393124908,10.88850230277141,2.7670676325231405
2022-12-11,13,7,217,73,18.77274112481222,8.722016741635674,33.67493082882749,2.457766514631662,7.44931024299188,4.68618351671549
2022-12-18,18,13,954,42,7.689127270392718,18.386217520215784,30.782762723862625,1.442025946353056,7.727264753338153,2.6059639794958076
2022-12-25,14,8,799,61,6.58532689801589,5.3322213200585695,38.0501651048205,5.60614388078371,32.583438254423086,1.7215582778306793
