date,ndvi,evi,lai,fpar,gpp
2009-01-01,0.05663741169458246,0.04530992935566597,0.33982447016749473,0.050973670525124214,113.27482338916492
2009-01-17,0.014673677935839662,0.01173894234867173,0.08804206761503797,0.013206310142255696,29.347355871679323
2009-02-02,0.17732518367176273,0.1418601469374102,1.0639511020305763,0.15959266530458646,354.65036734352543
2009-02-18,0.11118937754967559,0.08895150203974048,0.6671362652980535,0.10007043979470803,222.37875509935117
2009-03-06,0.2975497947208796,0.2380398357767037,1.7852987683252777,0.2677948152487917,595.0995894417592
2009-03-22,0.41900208018456364,0.33520166414765096,2.5140124811073816,0.3771018721661073,838.0041603691272
2009-04-07,0.45880528987437874,0.367044231899503,2.7528317392462727,0.41292476088694086,917.6105797487575
2009-04-23,0.46666203692079666,0.37332962953663734,2.79997222152478,0.41999583322871703,933.3240738415933
2009-05-09,0.5467943134083236,0.4374354507266589,3.280765880449942,0.49211488206749127,1093.5886268166473
2009-05-25,0.6070206163859486,0.48561649310875893,3.6421236983156917,0.5463185547473538,1214.0412327718973
2009-06-10,0.4883150230308335,0.39065201842466685,2.929890138185001,0.43948352072775015,976.630046061667
2009-06-26,0.6086638824972659,0.48693110599781275,3.6519832949835953,0.5477974942475393,1217.3277649945317
2009-07-12,0.45746649341433354,0.36597319473146683,2.7447989604860012,0.4117198440729002,914.932986828667
2009-07-28,0.479723506438703,0.3837788051509624,2.878341038632218,0.4317511557948327,959.447012877406
2009-08-13,0.4664969186438862,0.373197534915109,2.7989815118633175,0.4198472267794976,932.9938372877724
2009-08-29,0.49268680664712,0.394149445317696,2.95612083988272,0.443418125982408,985.37361329424
2009-09-14,0.2466367235163048,0.19730937881304386,1.4798203410978288,0.22197305116467433,493.2734470326096
2009-09-30,0.3675985470310371,0.2940788376248297,2.205591282186223,0.3308386923279334,735.1970940620743
2009-10-16,0.21699044282230862,0.17359235425784691,1.3019426569338517,0.19529139854007777,433.9808856446172
2009-11-01,0.0437062565544929,0.034965005243594326,0.2622375393269574,0.039335630899043614,87.4125131089858
2009-11-17,0.08440102159739228,0.06752081727791383,0.5064061295843537,0.07596091943765305,168.80204319478457
2009-12-03,0.040075456971908285,0.03206036557752663,0.2404527418314497,0.03606791127471746,80.15091394381658
2009-12-19,0.0,0.0,0.0,0.0,0.0
2010-01-04,0.03755555298526043,0.030044442388208345,0.22533331791156258,0.03379999768673438,75.11110597052085
2010-01-20,0.01856008228699378,0.014848065829595025,0.11136049372196269,0.016704074058294403,37.120164573987566
2010-02-05,0.1638881990060758,0.13111055920486064,0.9833291940364548,0.1474993791054682,327.77639801215156
2010-02-21,0.09722690269955422,0.07778152215964339,0.5833614161973253,0.0875042124295988,194.45380539910846
2010-03-09,0.2666999457098134,0.21335995656785076,1.6001996742588807,0.24002995113883208,533.3998914196269
2010-03-25,0.2747022046478624,0.21976176371828993,1.6482132278871742,0.24723198418307615,549.4044092957248
2010-04-10,0.4956332466791481,0.3965065973433185,2.973799480074889,0.4460699220112333,991.2664933582962
2010-04-26,0.437213444110878,0.3497707552887024,2.623280664665268,0.3934920996997902,874.4268882217559
2010-05-12,0.5815788490752488,0.46526307926019905,3.489473094451493,0.523420964167724,1163.1576981504977
2010-05-28,0.5354856134444937,0.42838849075559504,3.2129136806669623,0.4819370521000444,1070.9712268889875
2010-06-13,0.6559038326047637,0.524723066083811,3.935422995628582,0.5903134493442873,1311.8076652095274
2010-06-29,0.5308273295004078,0.42466186360032626,3.1849639770024467,0.477744596550367,1061.6546590008156
2010-07-15,0.5875121850395306,0.47000974803162454,3.5250731102371837,0.5287609665355776,1175.0243700790613
2010-07-31,0.6056396516045818,0.48451172128366543,3.6338379096274904,0.5450756864441236,1211.2793032091636
2010-08-16,0.4268016574494686,0.3414413259595749,2.5608099446968113,0.3841214917045217,853.6033148989371
2010-09-01,0.3968298840720595,0.3174639072576476,2.380979304432357,0.3571468956648535,793.659768144119
2010-09-17,0.21310412330548661,0.1704832986443893,1.2786247398329196,0.19179371097493797,426.2082466109732
2010-10-03,0.07685182151931892,0.06148145721545514,0.46111092911591356,0.06916663936738703,153.70364303863784
2010-10-19,0.0907835637225777,0.07262685097806217,0.5447013823354663,0.08170520735031994,181.56712744515542
2010-11-04,0.05784216502302286,0.04627373201841829,0.3470529901381372,0.05205794852072058,115.68433004604573
2010-11-20,0.06822620384327324,0.0545809630746186,0.40935722305963945,0.06140358345894592,136.45240768654648
2010-12-06,0.04970905972478717,0.039767247779829734,0.298254358348723,0.044738153752308454,99.41811944957433
2010-12-22,0.0,0.0,0.0,0.0,0.0
2011-01-07,0.04043140804160644,0.03234512643328515,0.24258844824963866,0.0363882672374458,80.86281608321289
2011-01-23,0.05553934628240269,0.04443147702592215,0.3332360776944161,0.04998541165416242,111.07869256480538
2011-02-08,0.11472728518967151,0.09178182815173722,0.6883637111380291,0.10325455667070436,229.45457037934304
2011-02-24,0.23131219725835342,0.18504975780668276,1.3878731835501206,0.20818097753251807,462.62439451670684
2011-03-12,0.30229133475893327,0.24183306780714664,1.8137480085535995,0.27206220128303993,604.5826695178665
2011-03-28,0.305717039890614,0.2445736319124912,1.834302239343684,0.2751453359015526,611.434079781228
2011-04-13,0.44351749091945897,0.3548139927355672,2.6611049455167537,0.3991657418275131,887.0349818389179
2011-04-29,0.46863846344048493,0.374910770752388,2.8118307806429095,0.42177461709643643,937.2769268809699
2011-05-15,0.5585803546546404,0.44686428372371234,3.3514821279278424,0.5027223191891764,1117.1607093092807
2011-05-31,0.6303106635260323,0.5042485308208259,3.7818639811561936,0.567279597173429,1260.6213270520645
2011-06-16,0.615976088313084,0.4927808706504673,3.695856529878504,0.5543784794817757,1231.952176626168
2011-07-02,0.5392999469468068,0.43143995755744546,3.2357996816808408,0.48536995225212615,1078.5998938936136
2011-07-18,0.5404317703246714,0.4323454162597371,3.242590621948028,0.48638859329220424,1080.8635406493427
2011-08-03,0.46644182479799956,0.37315345983839965,2.7986509487879974,0.4197976423181996,932.8836495959991
2011-08-19,0.4141899608340427,0.33135196866723415,2.485139765004256,0.3727709647506384,828.3799216680853
2011-09-04,0.42494212004082843,0.3399536960326628,2.5496527202449704,0.3824479080367456,849.8842400816569
2011-09-20,0.26261540958081403,0.21009232766465125,1.5756924574848843,0.23635386862273264,525.230819161628
2011-10-06,0.149410179135103,0.1195281433080824,0.8964610748106179,0.1344691612215927,298.820358270206
2011-10-22,0.24450810903214426,0.19560648722571541,1.4670486541928656,0.22005729812892985,489.0162180642885
2011-11-07,0.04113301773993238,0.032906414191945906,0.24679810643959427,0.03701971596593914,82.26603547986475
2011-11-23,0.0575929670009703,0.04607437360077624,0.3455578020058218,0.051833670300873276,115.18593400194061
2011-12-09,0.10162852466683442,0.08130281973346754,0.6097711480010065,0.09146567220015098,203.25704933366885
2011-12-25,0.01733703756194538,0.013869630049556304,0.10402222537167227,0.015603333805750842,34.67407512389076
2012-01-10,0.03067907172702761,0.02454325738162209,0.18407443036216567,0.02761116455432485,61.358143454055224
2012-01-26,0.04221054921452124,0.03376843937161699,0.25326329528712743,0.037989494293069116,84.42109842904249
2012-02-11,0.22921078634197614,0.18336862907358092,1.375264718051857,0.20628970770777852,458.42157268395226
2012-02-27,0.0,0.0,0.0,0.0,0.0
2012-03-14,0.2926677621293617,0.23413420970348936,1.7560065727761702,0.2634009859164255,585.3355242587234
2012-03-30,0.3085805543147925,0.246864443451834,1.8514833258887549,0.27772249888331324,617.161108629585
2012-04-15,0.4462647585521944,0.35701180684175554,2.6775885513131663,0.40163828269697494,892.5295171043888
2012-05-01,0.5528473430758423,0.44227787446067385,3.3170840584550536,0.49756260876825803,1105.6946861516844
2012-05-17,0.5772360140721954,0.46178881125775634,3.463416084433172,0.5195124126649758,1154.4720281443908
2012-06-02,0.6178144230485237,0.494251538438819,3.7068865382911422,0.5560329807436714,1235.6288460970475
2012-06-18,0.5682465018752526,0.4545972015002021,3.4094790112515154,0.5114218516877274,1136.4930037505053
2012-07-04,0.6237847077953643,0.49902776623629147,3.742708246772186,0.5614062370158279,1247.5694155907286
2012-07-20,0.49289931548786403,0.39431945239029126,2.957395892927184,0.4436093839390776,985.7986309757281
2012-08-05,0.5103725889671912,0.40829807117375294,3.062235533803147,0.45933533007047206,1020.7451779343824
2012-08-21,0.4904927448426227,0.3923941958740982,2.942956469055736,0.4414434703583604,980.9854896852454
2012-09-06,0.3247013067042868,0.2597610453634295,1.948207840225721,0.2922311760338581,649.4026134085736
2012-09-22,0.36155320376983524,0.2892425630158682,2.1693192226190114,0.32539788339285175,723.1064075396705
2012-10-08,0.11195611340599795,0.08956489072479837,0.6717366804359877,0.10076050206539816,223.9122268119959
2012-10-24,0.10342000924137085,0.08273600739309668,0.6205200554482251,0.09307800831723377,206.8400184827417
2012-11-09,0.011718088182332095,0.009374470545865677,0.07030852909399257,0.010546279364098887,23.436176364664192
2012-11-25,0.015615159494830666,0.012492127595864534,0.093690956968984,0.0140536435453476,31.23031898966133
2012-12-11,0.0,0.0,0.0,0.0,0.0
2012-12-27,0.0,0.0,0.0,0.0,0.0
2013-01-12,0.0,0.0,0.0,0.0,0.0
2013-01-28,0.0,0.0,0.0,0.0,0.0
2013-02-13,0.15984940145349816,0.12787952116279852,0.959096408720989,0.14386446130814834,319.6988029069963
2013-03-01,0.24270864169534448,0.1941669133562756,1.456251850172067,0.21843777752581003,485.41728339068897
2013-03-17,0.2703124727295061,0.2162499781836049,1.6218748363770366,0.24328122545655548,540.6249454590122
2013-04-02,0.42011284736445165,0.3360902778915613,2.52067708418671,0.3781015626280065,840.2256947289032
2013-04-18,0.44885444190121615,0.35908355352097293,2.693126651407297,0.40396899771109457,897.7088838024323
2013-05-04,0.6060463412022208,0.48483707296177664,3.6362780472133247,0.5454417070819987,1212.0926824044416
2013-05-20,0.5297620507569225,0.42380964060553805,3.178572304541535,0.4767858456812303,1059.524101513845
2013-06-05,0.6359964335335375,0.5087971468268301,3.815978601201225,0.5723967901801837,1271.992867067075
2013-06-21,0.6721735559973959,0.5377388447979168,4.033041335984375,0.6049562003976563,1344.347111994792
2013-07-07,0.5438649604373137,0.435091968349851,3.263189762623882,0.48947846439358234,1087.7299208746274
2013-07-23,0.5503363374630992,0.4402690699704794,3.302018024778595,0.49530270371678925,1100.6726749261984
2013-08-08,0.5117355737041686,0.40938845896333487,3.0704134422250116,0.4605620163337517,1023.4711474083371
2013-08-24,0.45416225296817847,0.3633298023745428,2.7249735178090706,0.40874602767136065,908.3245059363569
2013-09-09,0.33156423268782687,0.2652513861502615,1.9893853961269612,0.2984078094190442,663.1284653756537
2013-09-25,0.28822969950171734,0.2305837596013739,1.7293781970103042,0.2594067295515456,576.4593990034347
2013-10-11,0.1333832721208355,0.10670661769666841,0.800299632725013,0.12004494490875196,266.766544241671
2013-10-27,0.09479259542582666,0.07583407634066133,0.56875557255496,0.085313335883244,189.58519085165332
2013-11-12,0.06125517977053306,0.049004143816426454,0.36753107862319834,0.05512966179347976,122.51035954106612
2013-11-28,0.07909142390629062,0.0632731391250325,0.4745485434377437,0.07118228151566156,158.18284781258123
2013-12-14,0.0344873844307524,0.027589907544601923,0.2069243065845144,0.031038645987677162,68.9747688615048
2013-12-30,0.007121967239469805,0.005697573791575844,0.04273180343681883,0.0064097705155228245,14.24393447893961
2014-01-15,0.004772541969390795,0.003818033575512636,0.02863525181634477,0.0042952877724517155,9.54508393878159
2014-01-31,0.022394015401656028,0.017915212321324824,0.13436409240993616,0.020154613861490426,44.788030803312054
2014-02-16,0.08354161905802154,0.06683329524641723,0.5012497143481293,0.07518745715221939,167.08323811604308
2014-03-04,0.3174071201127505,0.25392569609020044,1.904442720676503,0.2856664081014755,634.8142402255011
2014-03-20,0.3367553750941178,0.26940430007529426,2.020532250564707,0.303079837584706,673.5107501882355
2014-04-05,0.406064388465721,0.32485151077257685,2.436386330794326,0.3654579496191489,812.1287769314421
2014-04-21,0.4717903520216675,0.37743228161733405,2.830742112130005,0.42461131681950076,943.580704043335
2014-05-07,0.5746300901489803,0.45970407211918424,3.4477805408938815,0.5171670811340823,1149.2601802979605
2014-05-23,0.5815733088697873,0.46525864709582987,3.489439853218724,0.5234159779828086,1163.1466177395746
2014-06-08,0.5546307451836603,0.44370459614692825,3.3277844711019617,0.49916767066529427,1109.2614903673207
2014-06-24,0.683681810397752,0.5469454483182016,4.102090862386512,0.6153136293579768,1367.363620795504
2014-07-10,0.5227904732807429,0.41823237862459434,3.1367428396844574,0.47051142595266865,1045.580946561486
2014-07-26,0.5846133707957357,0.4676906966365886,3.5076802247744143,0.5261520337161621,1169.2267415914714
2014-08-11,0.5362734686061481,0.4290187748849185,3.2176408116368886,0.4826461217455333,1072.5469372122961
2014-08-27,0.4566813658120421,0.3653450926496337,2.7400881948722526,0.4110132292308379,913.3627316240842
2014-09-12,0.32372837175950503,0.25898269740760405,1.9423702305570303,0.2913555345835545,647.45674351901
2014-09-28,0.25815503193469613,0.20652402554775692,1.5489301916081768,0.23233952874122651,516.3100638693923
2014-10-14,0.06730734229468305,0.05384587383574644,0.4038440537680983,0.06057660806521475,134.6146845893661
2014-10-30,0.13437516036674788,0.1075001282933983,0.8062509622004872,0.12093764433007309,268.75032073349576
2014-11-15,0.09819512356722257,0.07855609885377807,0.5891707414033354,0.08837561121050032,196.39024713444513
2014-12-01,0.0,0.0,0.0,0.0,0.0
2014-12-17,0.005908125191063648,0.004726500152850918,0.035448751146381886,0.0053173126719572835,11.816250382127295
2015-01-02,0.13268955597615056,0.10615164478092046,0.7961373358569034,0.11942060037853551,265.3791119523011
2015-01-18,0.07167590181078268,0.05734072144862615,0.43005541086469606,0.06450831162970441,143.35180362156535
2015-02-03,0.13461260286886015,0.10769008229508813,0.807675617213161,0.12115134258197413,269.2252057377203
2015-02-19,0.20123462739107129,0.16098770191285705,1.2074077643464278,0.18111116465196417,402.46925478214257
2015-03-07,0.44736219267726407,0.3578897541418113,2.6841731560635846,0.40262597340953765,894.7243853545282
2015-03-23,0.3209618680497185,0.2567694944397748,1.925771208298311,0.28886568124474665,641.923736099437
2015-04-08,0.4044447621911541,0.3235558097529233,2.426668573146925,0.3640002859720387,808.8895243823082
2015-04-24,0.46926486330667533,0.3754118906453403,2.815589179840052,0.4223383769760078,938.5297266133507
2015-05-10,0.5766499421976389,0.46131995375811113,3.4598996531858335,0.518984947977875,1153.2998843952778
2015-05-26,0.45556636735938094,0.3644530938875048,2.733398204156286,0.41000973062344287,911.1327347187619
2015-06-11,0.6378495797952081,0.5102796638361665,3.8270974787712486,0.5740646218156873,1275.6991595904162
2015-06-27,0.6123962130347046,0.4899169704277637,3.674377278208228,0.5511565917312341,1224.7924260694092
2015-07-13,0.5411995191429748,0.4329596153143799,3.247197114857849,0.48707956722867735,1082.3990382859497
2015-07-29,0.5670825687389652,0.4536660549911722,3.402495412433791,0.5103743118650688,1134.1651374779306
2015-08-14,0.5479510502219831,0.4383608401775865,3.2877063013318986,0.4931559451997848,1095.9021004439662
2015-08-30,0.4700739213778806,0.37605913710230454,2.8204435282672837,0.4230665292400926,940.1478427557612
2015-09-15,0.33433353490008294,0.2674668279200664,2.0060012094004978,0.30090018141007463,668.6670698001659
2015-10-01,0.2354873168020682,0.18838985344165457,1.4129239008124093,0.21193858512186137,470.9746336041364
2015-10-17,0.22254810261901461,0.1780384820952117,1.3352886157140877,0.20029329235711316,445.09620523802926
2015-11-02,0.016841802211015357,0.013473441768812287,0.10105081326609214,0.015157621989913822,33.68360442203071
2015-11-18,0.05431194486193813,0.04344955588955051,0.3258716691716288,0.04888075037574432,108.62388972387626
2015-12-04,0.0,0.0,0.0,0.0,0.0
2015-12-20,0.02297419570212874,0.018379356561702993,0.13784517421277243,0.020676776131915868,45.94839140425748
2016-01-05,0.13046692835788648,0.10437354268630919,0.7828015701473189,0.11742023552209783,260.93385671577295
2016-01-21,0.035781641081885106,0.028625312865508085,0.21468984649131062,0.0322034769736966,71.56328216377021
2016-02-06,0.1556470359825799,0.12451762878606393,0.9338822158954794,0.1400823323843219,311.2940719651598
2016-02-22,0.1263703792142293,0.10109630337138345,0.7582222752853758,0.11373334129280638,252.7407584284586
2016-03-09,0.3264708674499813,0.26117669395998505,1.9588252046998877,0.29382378070498316,652.9417348999625
2016-03-25,0.23407487049439485,0.18725989639551588,1.404449222966369,0.21066738344495536,468.1497409887897
2016-04-10,0.5127089336301176,0.4101671469040941,3.0762536017807056,0.46143804026710583,1025.4178672602352
2016-04-26,0.42834873932822326,0.34267899146257863,2.5700924359693396,0.38551386539540095,856.6974786564465
2016-05-12,0.6285899357378669,0.5028719485902936,3.7715396144272013,0.5657309421640803,1257.1798714757338
2016-05-28,0.5449350687745735,0.43594805501965883,3.2696104126474412,0.4904415618971162,1089.870137549147
2016-06-13,0.537183369504469,0.4297466956035752,3.223100217026814,0.4834650325540221,1074.3667390089379
2016-06-29,0.6577222780190883,0.5261778224152707,3.94633366811453,0.5919500502171795,1315.4445560381766
2016-07-15,0.5253965289251642,0.42031722314013137,3.152379173550985,0.4728568760326478,1050.7930578503283
2016-07-31,0.6126329173224334,0.4901063338579468,3.6757975039346005,0.5513696255901901,1225.2658346448668
2016-08-16,0.4178089217251371,0.3342471373801097,2.506853530350823,0.37602802955262343,835.6178434502742
2016-09-01,0.3049038161445276,0.2439230529156221,1.8294228968671655,0.27441343453007483,609.8076322890552
2016-09-17,0.3076548324284468,0.24612386594275748,1.845928994570681,0.27688934918560215,615.3096648568936
2016-10-03,0.14789638445048642,0.11831710756038914,0.8873783067029185,0.1331067460054378,295.7927689009728
2016-10-19,0.09876014999656456,0.07900811999725166,0.5925608999793873,0.0888841349969081,197.52029999312913
2016-11-04,0.008676038941758508,0.006940831153406807,0.05205623365055105,0.007808435047582658,17.352077883517016
2016-11-20,0.05716749038825035,0.04573399231060028,0.34300494232950207,0.051450741349425316,114.3349807765007
2016-12-06,0.02773340240630916,0.02218672192504733,0.16640041443785497,0.024960062165678244,55.46680481261832
2016-12-22,0.0,0.0,0.0,0.0,0.0
2017-01-07,0.0,0.0,0.0,0.0,0.0
2017-01-23,0.04594653190610326,0.03675722552488261,0.27567919143661956,0.04135187871549294,91.89306381220652
2017-02-08,0.2648457308359299,0.21187658466874393,1.5890743850155793,0.2383611577523369,529.6914616718598
2017-02-24,0.11357240051809162,0.0908579204144733,0.6814344031085497,0.10221516046628246,227.14480103618322
2017-03-12,0.3422344994612125,0.27378759956897,2.053406996767275,0.30801104951509123,684.4689989224249
2017-03-28,0.3666614267258135,0.2933291413806508,2.199968560354881,0.32999528405323214,733.322853451627
2017-04-13,0.4212868603532733,0.33702948828261864,2.5277211621196396,0.37915817431794596,842.5737207065466
2017-04-29,0.5108739696263775,0.40869917570110204,3.0652438177582653,0.4597865726637398,1021.747939252755
2017-05-15,0.6569550831432407,0.5255640665145925,3.941730498859444,0.5912595748289167,1313.9101662864814
2017-05-31,0.609382197010445,0.48750575760835607,3.6562931820626705,0.5484439773094005,1218.76439402089
2017-06-16,0.41917361048035495,0.335338888384284,2.5150416628821297,0.37725624943231945,838.3472209607099
2017-07-02,0.543487920517267,0.43479033641381365,3.260927523103602,0.4891391284655403,1086.9758410345341
2017-07-18,0.6366767037130299,0.5093413629704239,3.820060222278179,0.5730090333417269,1273.3534074260597
2017-08-03,0.5210877907970927,0.41687023263767414,3.1265267447825558,0.46897901171738343,1042.1755815941854
2017-08-19,0.48307745648008044,0.3864619651840644,2.8984647388804827,0.4347697108320724,966.1549129601609
2017-09-04,0.281198601273115,0.22495888101849204,1.6871916076386901,0.25307874114580353,562.39720254623
2017-09-20,0.3120165167116731,0.24961321336933848,1.8720991002700385,0.2808148650405058,624.0330334233462
2017-10-06,0.14581569436720856,0.11665255549376685,0.8748941662032514,0.13123412493048772,291.63138873441716
2017-10-22,0.18511858467117878,0.14809486773694303,1.1107115080270726,0.16660672620406092,370.23716934235756
2017-11-07,0.0357121630822867,0.028569730465829363,0.21427297849372023,0.032140946774058037,71.4243261645734
2017-11-23,0.006157672975665156,0.004926138380532125,0.036946037853990935,0.00554190567809864,12.315345951330311
2017-12-09,0.0,0.0,0.0,0.0,0.0
2017-12-25,0.0,0.0,0.0,0.0,0.0
2018-01-10,0.054443066516139275,0.043554453212911425,0.32665839909683564,0.04899875986452535,108.88613303227855
2018-01-26,0.0,0.0,0.0,0.0,0.0
2018-02-11,0.13120599457681845,0.10496479566145477,0.7872359674609106,0.1180853951191366,262.4119891536369
2018-02-27,0.1442163600416026,0.11537308803328208,0.8652981602496156,0.12979472403744235,288.4327200832052
2018-03-15,0.30946458377063263,0.24757166701650613,1.8567875026237957,0.27851812539356935,618.9291675412652
2018-03-31,0.30153594038982406,0.24122875231185925,1.8092156423389443,0.2713823463508417,603.0718807796482
2018-04-16,0.5573570597025999,0.4458856477620799,3.344142358215599,0.5016213537323398,1114.7141194051997
2018-05-02,0.5680583866755509,0.45444670934044074,3.408350320053305,0.5112525480079958,1136.1167733511018
2018-05-18,0.5463482028263876,0.43707856226111014,3.2780892169583256,0.49171338254374886,1092.6964056527752
2018-06-03,0.585737947768243,0.4685903582145944,3.5144276866094577,0.5271641529914187,1171.475895536486
2018-06-19,0.6415190133506508,0.5132152106805207,3.8491140801039045,0.5773671120155857,1283.0380267013015
2018-07-05,0.5780557622005459,0.4624446097604367,3.4683345732032755,0.5202501859804913,1156.1115244010919
2018-07-21,0.6050791339312214,0.48406330714497714,3.630474803587328,0.5445712205380993,1210.1582678624427
2018-08-06,0.5117079692955615,0.4093663754364492,3.070247815773369,0.4605371723660054,1023.415938591123
2018-08-22,0.4732040315009103,0.37856322520072827,2.8392241890054617,0.4258836283508193,946.4080630018206
2018-09-07,0.3383780516503584,0.2707024413202867,2.0302683099021506,0.3045402464853226,676.7561033007167
2018-09-23,0.2736595220906606,0.21892761767252847,1.6419571325439635,0.24629356988159454,547.3190441813211
2018-10-09,0.21791093076249832,0.17432874460999867,1.3074655845749898,0.1961198376862485,435.8218615249966
2018-10-25,0.15526544520223398,0.12421235616178719,0.9315926712134039,0.13973890068201059,310.530890404468
2018-11-10,0.0008684538049411814,0.0006947630439529452,0.005210722829647088,0.0007816084244470633,1.7369076098823628
2018-11-26,0.011028515929506516,0.008822812743605213,0.0661710955770391,0.009925664336555865,22.057031859013033
2018-12-12,0.04355817231824773,0.03484653785459819,0.2613490339094864,0.03920235508642296,87.11634463649547
2018-12-28,0.019668613242736804,0.015734890594189446,0.11801167945642083,0.017701751918463123,39.33722648547361
2019-01-13,0.14442808764553108,0.11554247011642488,0.8665685258731866,0.12998527888097797,288.8561752910622
2019-01-29,0.0,0.0,0.0,0.0,0.0
2019-02-14,0.19989504135815256,0.15991603308652205,1.1993702481489152,0.17990553722233732,399.7900827163051
2019-03-02,0.3100105374602177,0.24800842996817418,1.8600632247613063,0.279009483714196,620.0210749204355
2019-03-18,0.2939931252810273,0.23519450022482183,1.7639587516861637,0.26459381275292454,587.9862505620546
2019-04-03,0.3882703506787793,0.3106162805430235,2.329622104072676,0.34944331561090136,776.5407013575586
2019-04-19,0.4269614845004301,0.3415691876003441,2.5617689070025804,0.3842653360503871,853.9229690008601
2019-05-05,0.5252841224968854,0.42022729799750835,3.1517047349813123,0.47275571024719687,1050.5682449937708
2019-05-21,0.5845919351113903,0.46767354808911227,3.507551610668342,0.5261327416002513,1169.1838702227806
2019-06-06,0.5532257926892612,0.44258063415140897,3.319354756135567,0.4979032134203351,1106.4515853785224
2019-06-22,0.572500066668691,0.45800005333495286,3.435000400012146,0.5152500600018219,1145.000133337382
2019-07-08,0.5859217314291221,0.46873738514329766,3.5155303885747324,0.5273295582862099,1171.843462858244
2019-07-24,0.5473051159601315,0.43784409276810526,3.2838306957607895,0.4925746043641184,1094.610231920263
2019-08-09,0.4558446704363223,0.36467573634905787,2.735068022617934,0.4102602033926901,911.6893408726446
2019-08-25,0.46782682351555804,0.37426145881244643,2.8069609410933483,0.42104414116400224,935.6536470311161
2019-09-10,0.288323994769147,0.2306591958153176,1.729943968614882,0.2594915952922323,576.647989538294
2019-09-26,0.369871152327731,0.2958969218621848,2.219226913966386,0.3328840370949579,739.742304655462
2019-10-12,0.18514161748584626,0.148113293988677,1.1108497049150776,0.16662745573726165,370.28323497169254
2019-10-28,0.18295471426697718,0.14636377141358176,1.097728285601863,0.16465924284027947,365.9094285339544
2019-11-13,0.0,0.0,0.0,0.0,0.0
2019-11-29,0.0,0.0,0.0,0.0,0.0
2019-12-15,0.02400916923300424,0.019207335386403394,0.14405501539802545,0.021608252309703816,48.01833846600848
2019-12-31,0.021788520080638685,0.01743081606451095,0.13073112048383212,0.019609668072574818,43.577040161277374
2020-01-16,0.05420319466217406,0.04336255572973925,0.3252191679730444,0.04878287519595666,108.40638932434813
2020-02-01,0.09390705699194418,0.07512564559355535,0.5634423419516651,0.08451635129274977,187.81411398388838
2020-02-17,0.10537124297294273,0.0842969943783542,0.6322274578376563,0.09483411867564846,210.74248594588545
2020-03-04,0.345627117332429,0.2765016938659432,2.073762703994574,0.31106440559918613,691.254234664858
2020-03-20,0.3259925238677663,0.260794019094213,1.9559551432065976,0.29339327148098965,651.9850477355326
2020-04-05,0.5110338920873688,0.4088271136698951,3.066203352524213,0.45993050287863196,1022.0677841747377
2020-04-21,0.3764727086599754,0.30117816692798033,2.2588362519598526,0.3388254377939779,752.9454173199508
2020-05-07,0.5569319607782649,0.44554556862261196,3.341591764669589,0.5012387647004384,1113.8639215565297
2020-05-23,0.6304282202608864,0.5043425762087091,3.7825693215653184,0.5673853982347978,1260.8564405217728
2020-06-08,0.5982442918772912,0.478595433501833,3.5894657512637473,0.5384198626895621,1196.4885837545824
2020-06-24,0.6675119406713507,0.5340095525370806,4.005071644028104,0.6007607466042156,1335.0238813427013
2020-07-10,0.5871053674095928,0.4696842939276743,3.5226322044575573,0.5283948306686336,1174.2107348191857
2020-07-26,0.5956076226653505,0.47648609813228043,3.573645735992103,0.5360468603988154,1191.215245330701
2020-08-11,0.5107446367229947,0.40859570937839584,3.0644678203379687,0.4596701730506953,1021.4892734459895
2020-08-27,0.42282224128448476,0.33825779302758785,2.5369334477069083,0.3805400171560363,845.6444825689695
2020-09-12,0.3196783113146165,0.2557426490516932,1.918069867887699,0.28771048018315487,639.356622629233
2020-09-28,0.3071667335933612,0.24573338687468899,1.8430004015601673,0.27645006023402513,614.3334671867225
2020-10-14,0.2721688427011723,0.21773507416093785,1.6330130562070337,0.24495195843105508,544.3376854023446
2020-10-30,0.05792251501727308,0.046338012013818465,0.3475350901036385,0.052130263515545776,115.84503003454616
2020-11-15,0.0614429192261578,0.04915433538092624,0.3686575153569468,0.05529862730354202,122.8858384523156
2020-12-01,0.05020078190277832,0.04016062552222266,0.3012046914166699,0.045180703712500485,100.40156380555663
2020-12-17,0.010031100234670104,0.008024880187736083,0.060186601408020624,0.009027990211203095,20.06220046934021
2021-01-02,0.0,0.0,0.0,0.0,0.0
2021-01-18,0.08654501717433863,0.0692360137394709,0.5192701030460318,0.07789051545690477,173.09003434867725
2021-02-03,0.07354901541049276,0.05883921232839421,0.4412940924629566,0.06619411386944349,147.0980308209855
2021-02-19,0.11418313223512094,0.09134650578809676,0.6850987934107257,0.10276481901160885,228.36626447024187
2021-03-07,0.430163835497134,0.34413106839770724,2.580983012982804,0.3871474519474206,860.327670994268
2021-03-23,0.3416966107861288,0.273357288628903,2.0501796647167727,0.30752694970751593,683.3932215722575
2021-04-08,0.46850982551535353,0.37480786041228287,2.8110589530921213,0.42165884296381817,937.0196510307071
2021-04-24,0.4789836038475444,0.38318688307803556,2.8739016230852665,0.43108524346279,957.9672076950889
2021-05-10,0.48403242955224046,0.3872259436417924,2.9041945773134428,0.43562918659701644,968.0648591044809
2021-05-26,0.5726309092083776,0.45810472736670205,3.435785455250265,0.5153678182875399,1145.2618184167552
2021-06-11,0.5120075727623481,0.4096060582098785,3.0720454365740886,0.4608068154861133,1024.0151455246962
2021-06-27,0.6584459725801706,0.5267567780641365,3.9506758354810234,0.5926013753221535,1316.891945160341
2021-07-13,0.5747078149114984,0.45976625192919873,3.44824688946899,0.5172370334203485,1149.4156298229968
2021-07-29,0.5878278689119522,0.47026229512956175,3.526967213471713,0.529045082020757,1175.6557378239042
2021-08-14,0.4313126966224889,0.34505015729799116,2.5878761797349332,0.38818142696024,862.6253932449778
2021-08-30,0.3267143852861641,0.2613715082289313,1.9602863117169846,0.29404294675754766,653.4287705723282
2021-09-15,0.3059718048631282,0.24477744389050257,1.8358308291787693,0.27537462437681537,611.9436097262563
2021-10-01,0.003691078810508286,0.002952863048406629,0.022146472863049715,0.0033219709294574572,7.382157621016572
2021-10-17,0.13125969903845577,0.10500775923076462,0.7875581942307346,0.1181337291346102,262.51939807691156
2021-11-02,0.0,0.0,0.0,0.0,0.0
2021-11-18,0.0,0.0,0.0,0.0,0.0
2021-12-04,0.0,0.0,0.0,0.0,0.0
2021-12-20,0.0,0.0,0.0,0.0,0.0
2022-01-05,0.09066924564203402,0.07253539651362721,0.5440154738522041,0.08160232107783062,181.33849128406803
2022-01-21,0.06853226171973431,0.05482580937578745,0.41119357031840587,0.06167903554776088,137.06452343946862
2022-02-06,0.13292294565062054,0.10633835652049645,0.7975376739037232,0.1196306510855585,265.84589130124107
2022-02-22,0.16082665465762513,0.12866132372610012,0.9649599279457508,0.14474398919186263,321.6533093152503
2022-03-10,0.32093231934486205,0.25674585547588963,1.9255939160691722,0.28883908741037584,641.8646386897241
2022-03-26,0.30007641440048705,0.24006113152038966,1.8004584864029223,0.27006877296043835,600.1528288009741
2022-04-11,0.4449240432373585,0.35593923458988685,2.669544259424151,0.40043163891362266,889.848086474717
2022-04-27,0.5391364498832184,0.43130915990657476,3.2348186992993107,0.48522280489489655,1078.272899766437
2022-05-13,0.5837093867247829,0.46696750937982634,3.5022563203486974,0.5253384480523047,1167.4187734495658
2022-05-29,0.5809847680947018,0.46478781447576145,3.4859086085682107,0.5228862912852317,1161.9695361894035
2022-06-14,0.6425856727402796,0.5140685381922236,3.8555140364416776,0.5783271054662517,1285.171345480559
2022-06-30,0.5284054700593434,0.4227243760474747,3.1704328203560603,0.475564923053409,1056.8109401186866
2022-07-16,0.4823893705709799,0.38591149645678396,2.8943362234258796,0.43415043351388194,964.7787411419598
2022-08-01,0.6000834818903346,0.48006678551226767,3.6005008913420076,0.5400751337013011,1200.1669637806692
2022-08-17,0.4818433962734824,0.38547471701878594,2.891060377640894,0.43365905664613413,963.6867925469647
2022-09-02,0.332774499224958,0.2662195993799664,1.996646995349748,0.2994970493024622,665.548998449916
2022-09-18,0.3014881564519885,0.2411905251615908,1.8089289387119312,0.2713393408067897,602.976312903977
2022-10-04,0.2055270663881578,0.16442165311052626,1.2331623983289468,0.184974359749342,411.0541327763156
2022-10-20,0.0359072198716338,0.02872577589730704,0.21544331922980278,0.03231649788447042,71.8144397432676
2022-11-05,0.0,0.0,0.0,0.0,0.0
2022-11-21,0.0,0.0,0.0,0.0,0.0
2022-12-07,0.04084762429126866,0.03267809943301493,0.24508574574761197,0.036762861862141796,81.69524858253732
2022-12-23,0.027401353113773737,0.02192108249101899,0.16440811868264243,0.024661217802396364,54.802706227547475
